/*
Navicat MySQL Data Transfer

Source Server         : 牛逼
Source Server Version : 80024
Source Host           : 120.24.211.49:3306
Source Database       : flow

Target Server Type    : MYSQL
Target Server Version : 80024
File Encoding         : 65001

Date: 2022-10-21 19:57:07
*/

SET FOREIGN_KEY_CHECKS=0;

-- ----------------------------
-- Table structure for m_card
-- ----------------------------
DROP TABLE IF EXISTS `m_card`;
CREATE TABLE `m_card` (
  `id` int unsigned NOT NULL AUTO_INCREMENT COMMENT '卡表主键id',
  `category_id` int unsigned NOT NULL COMMENT '关联卡类别主键id',
  `card_name` varchar(255) NOT NULL COMMENT '卡名称',
  `type` tinyint unsigned NOT NULL DEFAULT '0' COMMENT '卡类型(0:装备,1:辅助)',
  `is_all` tinyint unsigned NOT NULL DEFAULT '0' COMMENT '是否触发所有玩家(0:针对单玩家,1:针对所有玩家)',
  `energy` int NOT NULL DEFAULT '0' COMMENT '所需精力',
  `in` int NOT NULL DEFAULT '0' COMMENT '收入属性(指该卡对收入带来的值，通常为被动收入)',
  `out` int NOT NULL DEFAULT '0' COMMENT '支出(通常为每月净现金流的贷款)',
  `assets_num` int NOT NULL DEFAULT '0' COMMENT '资产数(股票为持股数,房产为首付)',
  `assets_value` int NOT NULL DEFAULT '0' COMMENT '资产价值(股票时为股价,房产时为房产总价)',
  `liabilities` int NOT NULL DEFAULT '0' COMMENT '负债(通常为银行指明的贷款数)',
  `is_banker_follow` tinyint unsigned NOT NULL DEFAULT '0' COMMENT '是否需要banker跟进处理',
  `method` varchar(255) NOT NULL COMMENT '方法(后端接口参照此方法名称来定位调用方法处理)',
  `relation_type` tinyint unsigned NOT NULL DEFAULT '0' COMMENT '关联类型(0:无关联,1:关联卡id,以逗号隔开,2:关联对象,卡id为键,value为值)',
  `relation_card` text COMMENT '关联的要触发的卡id(以","号隔开或键值对的json)',
  `is_need_fill` tinyint unsigned NOT NULL DEFAULT '0' COMMENT '抽到卡时是否需要填写',
  `create_time` timestamp NOT NULL DEFAULT CURRENT_TIMESTAMP COMMENT '创建时间',
  `status` tinyint unsigned NOT NULL DEFAULT '1' COMMENT '状态(0:禁用,1:启用)',
  `class` tinyint unsigned NOT NULL DEFAULT '0' COMMENT '卡的类别(0:无类别,1:房产,2:股票,3:企业投资,4:觉察投资,5:副业,6:理财产品,7:银行贷款,8:相亲卡,9:逆流卡,10:慈善,11:项目,12:资产信托)',
  `describe` text COMMENT '描述',
  `limit` int DEFAULT NULL COMMENT '限制(倍数或最大值)',
  PRIMARY KEY (`id`)
) ENGINE=InnoDB AUTO_INCREMENT=252 DEFAULT CHARSET=utf8mb3;

-- ----------------------------
-- Records of m_card
-- ----------------------------
INSERT INTO `m_card` VALUES ('8', '4', 'P12副业-销售代理（团队事业）', '0', '0', '-3', '3500', '0', '0', '1000', '0', '0', 'BindCard', '0', null, '0', '2022-09-04 18:22:33', '1', '5', '利用业余时间建立团队，销售一款产品，获得副业收入。可以自己做，也可以转让。[副业投资：☆1,000 副业收入：☆+3,500/月 精力：-3]', '0');
INSERT INTO `m_card` VALUES ('9', '4', 'P20副业-电商美工', '0', '0', '-3', '3000', '0', '0', '0', '0', '0', 'BindCard', '0', null, '0', '2022-09-04 18:29:45', '1', '5', '利用业余时间做电商美工，获得副业收入。可以自己做，也可以转让。[副业投资：☆0 副业收入：☆+3,000/月 精力：-3]', '0');
INSERT INTO `m_card` VALUES ('10', '4', 'P09副业-微课讲师', '0', '0', '-4', '4000', '0', '0', '0', '0', '0', 'BindCard', '0', null, '0', '2022-09-04 18:30:33', '1', '5', '利用业余时间做微课讲师，获得副业收入。可以自己做，也可以转让。[副业投资：☆0 副业收入：☆+4,000/月 精力：-4]', '0');
INSERT INTO `m_card` VALUES ('11', '4', 'P03副业-课程代理', '0', '0', '-3', '2500', '0', '0', '5000', '0', '0', 'BindCard', '0', null, '0', '2022-09-04 18:31:08', '1', '5', '利用业余时间做课程代理，获得副业收入。可以自己做，也可以转让。[副业投资：☆5,000 副业收入：☆+2,500/月 精力：-3]', '0');
INSERT INTO `m_card` VALUES ('12', '4', 'P17副业-翻译', '0', '0', '-5', '5000', '0', '0', '5000', '0', '0', 'BindCard', '0', null, '0', '2022-09-04 18:32:32', '1', '5', '利用业余时间翻译资料，获得副业收入。可以自己做，也可以转让。[副业投资：☆0 副业收入：☆+5,000/月 精力：-5]', '0');
INSERT INTO `m_card` VALUES ('13', '4', 'P15副业-私人定制导游', '0', '0', '-4', '5000', '0', '0', '1000', '0', '0', 'BindCard', '0', null, '0', '2022-09-04 18:33:38', '1', '5', '利用业余时间做私人定制导游，获得副业收入。可以自己做，也可以转让。[副业投资：☆1,000 副业收入：☆+5,000/月 精力：-4]', '0');
INSERT INTO `m_card` VALUES ('14', '4', 'P19副业-视频制作', '0', '0', '-3', '3000', '0', '0', '1000', '0', '0', 'BindCard', '0', null, '0', '2022-09-04 18:34:21', '1', '5', '利用业余时间制作视频，获得副业收入。可以自己做，也可以转让。[副业投资：☆1,000 副业收入：☆+3,000/月 精力：-3]', '0');
INSERT INTO `m_card` VALUES ('15', '4', 'P07副业-办设计公司', '0', '0', '-3', '4000', '0', '0', '5000', '0', '0', 'BindCard', '0', null, '0', '2022-09-04 18:34:59', '1', '5', '利用业余时间创立一家设计公司，获得副业收入。可以自己做，也可以转让。[副业投资：☆5,000 副业收入：☆+4,000/月 精力：-3]', '0');
INSERT INTO `m_card` VALUES ('16', '4', 'P10副业-外卖骑手', '0', '0', '-4', '4000', '0', '0', '4000', '0', '0', 'BindCard', '0', null, '0', '2022-09-04 18:36:05', '1', '5', '利用业余时间做外卖骑手，获得副业收入。可以自己做，也可以转让。[副业投资：☆4,000 副业收入：☆+4,000/月 精力：-4]', '0');
INSERT INTO `m_card` VALUES ('17', '4', 'P01副业-办摄影公司', '0', '0', '-3', '3000', '0', '0', '5000', '0', '0', 'BindCard', '0', null, '0', '2022-09-04 18:37:04', '1', '5', '利用业余时间创立一家摄影公司，获得副业收入。可以自己做，也可以转让。[副业投资：☆5,000 副业收入：☆+3,000/月 精力：-3]', '0');
INSERT INTO `m_card` VALUES ('18', '4', 'P14副业-专车司机', '0', '0', '-5', '0', '0', '0', '5000', '0', '0', 'BindCard', '0', null, '0', '2022-09-04 18:39:44', '1', '5', '利用业余时间做专车司机，获得副业收入有购车贷款的玩家可以做。[副业投资：☆0 副业收入：☆+5,000/月 精力：-5]', '0');
INSERT INTO `m_card` VALUES ('19', '4', 'P13副业-配音员', '0', '0', '-2', '2000', '0', '0', '1000', '0', '0', 'BindCard', '0', null, '0', '2022-09-04 18:40:27', '1', '5', '利用业余时间为有声读物做配音，获得副业收入。可以自己做，也可以转让。[副业投资：☆1,000 副业收入：☆+2,000/月 精力：-2]', '0');
INSERT INTO `m_card` VALUES ('20', '4', 'P11副业-销售代理（团队事业）', '0', '0', '-4', '4000', '0', '0', '2000', '0', '0', 'BindCard', '0', null, '0', '2022-09-04 18:41:12', '1', '5', '利用业余时间建立团队，销售一款产品，获得副业收入。可以自己做，也可以转让。[副业投资：☆2000  副业收入：☆4000/月  精力：-4]', '0');
INSERT INTO `m_card` VALUES ('21', '4', 'P02副业-办软件公司', '0', '0', '-4', '6000', '0', '0', '10000', '0', '0', 'BindCard', '0', null, '0', '2022-09-04 18:41:56', '1', '5', '利用业余时间创办一家软件公司，获得副业收入。可以自己做，也可以转让。[副业投资：☆10,000 副业收入：☆+6,000/月 精力：-4]', '0');
INSERT INTO `m_card` VALUES ('22', '4', 'P16副业-活动策划', '0', '0', '-4', '5000', '0', '0', '1000', '0', '0', 'BindCard', '0', null, '0', '2022-09-04 18:42:52', '1', '5', '利用业余时间做活动策划，获得副业收入。可以自己做，也可以转让。[副业投资：☆1,000 副业收入：☆+5,000/月 精力：-4]', '0');
INSERT INTO `m_card` VALUES ('23', '4', 'P06副业-经营小吃店（非公司）', '0', '0', '-3', '4000', '0', '0', '20000', '0', '0', 'BindCard', '0', null, '0', '2022-09-04 18:43:45', '1', '5', '利用业余时间经营一家小吃店，获得副业收入。可以自己做，也可以转让。[副业投资：☆20,000 副业收入：☆+4,000/月 精力：-3]', '0');
INSERT INTO `m_card` VALUES ('24', '4', 'P04副业-整理收纳师', '0', '0', '-3', '2500', '0', '0', '0', '0', '0', 'BindCard', '0', null, '0', '2022-09-04 18:44:23', '1', '5', '利用业余时间提供整理收纳服务，获得副业收入。可以自己做，也可以转让。[副业投资：☆0 副业收入：☆+2,500/月 精力：-3]', '0');
INSERT INTO `m_card` VALUES ('25', '4', 'P08副业-网络主播', '0', '0', '-3', '3000', '0', '0', '0', '0', '0', 'BindCard', '0', null, '0', '2022-09-04 18:45:12', '1', '5', '利用业余时间做网络主播，获得副业收入。可以自己做，也可以转让。[副业投资：☆0 副业收入：☆+3,000/月 精力：-3]', '0');
INSERT INTO `m_card` VALUES ('26', '4', 'P18副业-制作PPT', '0', '0', '-4', '4000', '0', '0', '0', '0', '0', 'BindCard', '0', null, '0', '2022-09-04 18:46:57', '1', '5', '利用业余时间制作PPT，获得副业收入。可以自己做，也可以转让。[副业投资：☆0 副业收入：☆+4,000/月 精力：-4]', '0');
INSERT INTO `m_card` VALUES ('27', '4', 'P05副业-自媒体写作', '0', '0', '-4', '3500', '0', '0', '0', '0', '0', 'BindCard', '0', null, '0', '2022-09-04 18:47:42', '1', '5', '利用业余时间写作软文，获得副业收入。可以自己做，也可以转让。[副业投资：☆0 副业收入：☆+3,500/月 精力：-4]', '0');
INSERT INTO `m_card` VALUES ('28', '6', '房产投资-12室公寓（12-0）', '0', '0', '-6', '10000', '0', '300000', '2400000', '2100000', '0', 'BindCard', '0', null, '0', '2022-09-13 10:45:45', '1', '1', '支付以下首付款即可获得1套本房产，并以出租的方式获得以下数额的被动收入(租金减去月供)。可以自己做，也可以转让。[首付：☆300,000  房产总价：☆2400,000  抵押贷款：☆2100,000  价格范围：☆2,000,000~4,000,000  被动收入：☆+10,000/月  精力：-6]', '0');
INSERT INTO `m_card` VALUES ('29', '5', '股票交易-K01科技公司', '0', '1', '-1', '0', '0', '0', '5', '0', '0', 'BindCard', '0', null, '1', '2022-09-13 16:01:45', '1', '2', '所有玩家均可买卖本支股票。[股票代码：K01  今日价格：☆5/股  可买股数：100股的整数倍，无上限  历史波动范围：☆5~30/股  精力：-1 （购买股票的玩家消耗1点精力）]', '100');
INSERT INTO `m_card` VALUES ('30', '6', '房产投资-3室2厅1卫（3-2-1）', '0', '0', '-3', '-500', '0', '0', '600000', '600000', '0', 'BindCard', '0', null, '0', '2022-09-14 10:26:50', '1', '1', '支付以下首付款即可获得1套本房产，并以出租的方式获得以下数额的被动收入(租金减去月供)。可以自己做，也可以转让。[首付：☆0  房产总价：☆600,000  抵押贷款：☆600,000  价格范围：☆650,000~1,000,000  被动收入：☆-500/月  精力：-3]', '0');
INSERT INTO `m_card` VALUES ('31', '5', '股票交易-Y09药业公司', '0', '1', '-1', '0', '0', '0', '10', '0', '0', 'BindCard', '0', null, '1', '2022-09-15 01:53:26', '1', '2', '所有玩家均可买卖本支股票[股票代码：Y09  今日价格：☆10/股  可买股数：100股的整数倍，无上限  历史波动范围：☆5~30/股  精力：-1 （购买股票的玩家消耗1点精力）]', '100');
INSERT INTO `m_card` VALUES ('32', '5', '股票交易-Y09药业公司', '0', '1', '-1', '0', '0', '0', '1', '0', '0', 'BindCard', '0', null, '1', '2022-09-15 01:56:10', '1', '2', '所有玩家均可买卖本支股票。[股票代码：Y09  今日价格：☆1/股  可买股数：100股的整数倍，无上限  历史波动范围：☆5~30/股  精力：-1 （购买股票的玩家消耗1点精力）]', '100');
INSERT INTO `m_card` VALUES ('33', '7', 'Y09丑闻/团体逆流', '1', '1', '0', '0', '0', '0', '0', '0', '0', 'LoseStock', '1', '31,32', '0', '2022-09-16 10:53:10', '1', '0', 'Y09药业公司的管理层因涉嫌在证券市场操作股价,并爆出财务造假丑闻,被监管机构勒令停牌,强行退市.(持有该股票的玩家需要立即清空该支股票)', '0');
INSERT INTO `m_card` VALUES ('34', '7', '物价上涨/团体逆流', '1', '1', '0', '0', '0', '0', '50', '0', '0', 'AddLiveOut', '0', null, '0', '2022-09-16 16:04:35', '1', '0', '通货膨胀导致物价上涨,生活成本越来越高,生活支出也随之增加.(生活支出增加50%,月现金流也做相应减少)', '0');
INSERT INTO `m_card` VALUES ('36', '7', '个人逆流', '1', '0', '0', '0', '0', '0', '0', '0', '0', 'LosePartTime', '1', '20', '0', '2022-09-16 17:37:10', '1', '0', '你所加入的团队事业爆发危机.(受影响的团队副业:P11,P12,将这一副业从财富报表划掉,并关掉由此带来的现金流.)', null);
INSERT INTO `m_card` VALUES ('37', '9', '空姐', '0', '0', '3', '12000', '10000', '0', '0', '0', '0', 'BindCard', '0', null, '0', '2022-09-19 23:32:46', '1', '8', '在一次飞行中你们相识，她经常飞国际航线，相聚的时间少，但让你在朋友中很有面子。[工资收入：☆12,000 生活支出：☆10,000 月现金流：☆2,000 精力：+3]', '0');
INSERT INTO `m_card` VALUES ('38', '9', '邻家女孩', '0', '0', '6', '0', '4500', '0', '0', '0', '0', 'BindCard', '0', null, '0', '2022-09-19 23:38:12', '1', '8', '刚毕业的邻家女孩，你被她的纯真和美丽外表所吸引，但还没有工作。[工资收入：☆0 生活支出：☆4,500 月现金流：☆-4,500 精力：+6]', '0');
INSERT INTO `m_card` VALUES ('39', '7', '个人逆流', '1', '0', '0', '0', '0', '0', '0', '0', '0', 'LoseJobWithLitigate', '0', null, '0', '2022-09-27 14:55:43', '1', '9', '天有不测风云，你所在的公司将你辞退了(执行失业),没有给你任何补偿。每一轮你都可以选择是否申请法律援助，支付2点精力去打官司。聘请过法务顾问，则不消耗精力。投1粒骰子，点数大于3则一次性获得原工资5倍的现金收入，否则没有收入。也可以选择去找工作或者无业前进。[精力:+6]', '0');
INSERT INTO `m_card` VALUES ('40', '12', '个人觉察', '1', '0', '1', '0', '0', '0', '0', '0', '0', 'RedrawCardOther', '0', null, '0', '2022-09-27 16:18:03', '1', '0', '纯粹给予不抱期待，让你越来越喜悦，充满力量。 [购买一张机会卡，送给场上一位玩家  精力:+1]', '0');
INSERT INTO `m_card` VALUES ('41', '5', '投资黄金', '0', '1', '0', '0', '0', '0', '300', '0', '0', 'BindCard', '0', null, '1', '2022-09-28 14:05:55', '1', '6', '你可以选择购买一定克数的黄金，用于抵御通货膨胀，未来可能会上涨。所有玩家均可参与。[产品代码：G01 可买克数：100克的整数倍购买， 无上限。今日价格：☆300/克 被动收入：0]', '100');
INSERT INTO `m_card` VALUES ('42', '11', '黄金上涨', '1', '1', '0', '0', '0', '0', '500', '0', '0', 'SellFinance', '1', '41', '1', '2022-09-28 14:18:30', '0', '0', '由于经济危机，黄金价格疯涨。所有投资玩家的玩家都可以按照现在的市场价格出售。 [市场购买价格：500/克]', '100');
INSERT INTO `m_card` VALUES ('44', '12', '个人觉察', '1', '0', '1', '0', '0', '0', '0', '0', '0', 'RedrawMarketCardFree', '0', null, '0', '2022-09-29 10:17:16', '1', '0', '你意识到赚钱就是一场游戏，重要的是富而喜悦，玩得开心。 [抽取一张行情卡 精力：+1]', '0');
INSERT INTO `m_card` VALUES ('45', '12', '个人觉察', '1', '0', '1', '0', '0', '0', '0', '0', '0', 'RedrawMarketCardFree', '0', null, '0', '2022-09-29 10:18:16', '1', '0', '享受生活的乐趣，得到了很多市场的启示 [抽取一张行情卡 精力：+1]', '0');
INSERT INTO `m_card` VALUES ('46', '12', '个人觉察', '1', '0', '1', '0', '0', '0', '0', '0', '0', 'RedrawChanceCardFree', '0', null, '0', '2022-09-29 10:26:42', '1', '0', '做你自己，不用在意别人的眼光。因为别人已经有人做了。 [免费抽取一张机会卡 精力：+1]', '0');
INSERT INTO `m_card` VALUES ('47', '12', '个人觉察', '1', '0', '2', '0', '0', '0', '0', '0', '0', 'RedrawChanceCardFree', '0', null, '0', '2022-09-29 10:27:56', '1', '0', '走出自己的迷宫，看清事物的真相，让你越来越喜悦。 [免费抽取一张机会卡 精力：+2]', '0');
INSERT INTO `m_card` VALUES ('48', '12', '个人觉察', '1', '0', '2', '0', '0', '0', '0', '0', '0', 'FreeEnergy', '0', null, '0', '2022-09-29 11:28:42', '1', '0', '你意识到唯有改变自己的脑袋，才能改变自己的口袋，于是开始去学习成长。 [精力：+2]', '0');
INSERT INTO `m_card` VALUES ('49', '12', '个人觉察', '1', '0', '1', '0', '0', '0', '0', '0', '0', 'FreeEnergy', '0', null, '0', '2022-09-29 11:29:40', '1', '0', '你觉察到你的语言就是你的世界，于是开始注意自己的言行。 [精力：+1]', '0');
INSERT INTO `m_card` VALUES ('50', '12', '个人觉察', '1', '0', '0', '0', '0', '0', '0', '0', '0', 'DateCardToOther', '0', null, '0', '2022-09-29 11:57:08', '1', '0', '你很喜欢做月老，经常帮人说媒。抽到此卡的玩家，抽取一张相亲卡送给场上的一位单身玩家。[获得一枚银翅膀（可以换取一次掷三粒骰子的权益）]', '0');
INSERT INTO `m_card` VALUES ('51', '12', '团体觉察/法务顾问', '0', '1', '1', '0', '0', '0', '10000', '0', '0', 'BindCard', '0', null, '0', '2022-09-29 13:50:14', '1', '4', '帮助你在创业路上处理各种法律纠纷，避免金钱和精力损耗。自愿选择是否聘请。 [顾问费：10000 精力：+1 在后续的法律纠纷环节免于处罚]', '0');
INSERT INTO `m_card` VALUES ('52', '12', '个人觉察/房产投资', '0', '0', '-3', '0', '0', '0', '0', '0', '0', 'BindCard', '0', null, '0', '2022-09-29 14:30:27', '1', '4', '学习房产投资，帮助你在房产投资中降低更多的首付成本。自愿选择是否学习。 [学习投资：30000 精力：-3 房产投资首付减50%]', '0');
INSERT INTO `m_card` VALUES ('53', '12', '个人觉察', '0', '0', '3', '0', '0', '0', '30000', '0', '0', 'BindCard', '0', null, '0', '2022-09-29 15:01:40', '1', '4', '学习股票投资，帮助你在股票投资中获得更多的收益。自愿选择是否学习。[学习投资：30000 精力：-3 股票投资收益增加30%]', '0');
INSERT INTO `m_card` VALUES ('54', '12', '团体觉察/健康投资', '0', '1', '0', '0', '2000', '0', '0', '0', '0', 'HealthInvestment', '0', null, '0', '2022-09-29 15:19:17', '1', '4', '身体健康才是根本，每个月支出一笔费用投资健康，购买保健品，让自己的身体越来越好。[健康投资支出：+2000/月 精力:+1/月]', '0');
INSERT INTO `m_card` VALUES ('55', '12', '个人觉察/人脉', '0', '0', '-4', '0', '0', '0', '0', '0', '0', 'BindCard', '0', null, '0', '2022-09-29 15:58:45', '1', '4', '你意识到人脉等于钱脉，开始投入精力，积极经营起人脉来。自愿选择是否经营。选择则消耗精力，不选则不消耗。 [贷款额度是月现金流的40倍。 此觉察之后新的贷款利息变为5% 精力：-4]', '0');
INSERT INTO `m_card` VALUES ('56', '12', '个人觉察/职场技能', '0', '0', '-2', '0', '0', '0', '6000', '0', '0', 'BindCard', '0', null, '0', '2022-09-29 16:15:42', '1', '4', '你意识到职场充电非常重要，开始精修职场技能。自愿选择是否学习。 [学习投资:6000 精力:-2 工资收入:+4000/月]', '0');
INSERT INTO `m_card` VALUES ('57', '12', '个人觉察', '1', '0', '2', '0', '0', '0', '0', '0', '0', 'MarriedAddEnergy', '0', null, '0', '2022-09-29 16:44:10', '1', '0', '你很重视亲密关系的经营，你的配偶在纪念日给你买了一份礼物，你感到很开心。 [已婚的玩家执行此卡 精力：+2]', '0');
INSERT INTO `m_card` VALUES ('58', '12', '个人觉察/亲密关系', '1', '0', '-1', '0', '0', '0', '20000', '0', '0', 'BindCard', '0', null, '0', '2022-09-29 17:06:41', '1', '4', '你意识到家庭是事业的基础，开始投资精力和金钱学习，将配偶经营成你的\"资产\",配偶的收入也越来越高。自愿选择是否学习。[学习投资：20000 精力：-1 配偶工资收入增加8000 进入心碎格子时，已婚则免于离婚，未婚则免于失恋]', '0');
INSERT INTO `m_card` VALUES ('59', '12', '团体觉察/孩子财商', '1', '1', '1', '0', '0', '0', '20000', '0', '0', 'BindCard', '0', null, '1', '2022-09-29 17:26:49', '1', '4', '你意识到要把孩子培养成\"资产\"，开始聘请家庭财富教练来帮助孩子提升财商，省下你不少精力。孩子很早就能独立自主，孩子支出变为0。 [投资：20000/个 精力：+1/个]', '1');
INSERT INTO `m_card` VALUES ('60', '12', '个人觉察/免费抽卡', '0', '0', '2', '0', '0', '0', '5000', '0', '0', 'BindCard', '0', null, '0', '2022-09-29 17:57:03', '1', '4', '个人品牌非常重要，你开始投资打造自己的个人品牌，机会也随之而来。[个人品牌投资：5000 精力：+2 免费抽取一张机会卡且以后每次均可免费考察机会]', '0');
INSERT INTO `m_card` VALUES ('61', '6', '房产投资-2室1厅1卫（2-1-1）', '0', '0', '-2', '800', '0', '30000', '600000', '570000', '0', 'BindCard', '0', null, '0', '2022-09-30 11:04:51', '1', '1', '支付以下首付款即可获得本房产，并以出租的方式获得以下数额的被动收入(租金减去月供)。可以自己做，也可以转让。[首付：☆30,000 房产总价：☆600,000 抵押贷款：☆570,000 价格范围：☆450,000~700,000 被动收入：☆+800/月 精力：-2]', '0');
INSERT INTO `m_card` VALUES ('62', '6', '房产投资-3室2厅1卫（3-2-1）', '0', '0', '-2', '1000', '0', '30000', '650000', '620000', '0', 'BindCard', '0', null, '0', '2022-09-30 11:22:05', '1', '1', '支付以下首付款即可获得本房产，并以出租的方式获得以下数额的被动收入(租金减去月供)。可以自己做，也可以转让。[首付：☆30,000 房产总价：☆650,000 抵押贷款：☆620,000 价格范围：☆650,000~1,000,000 被动收入：☆+1,000/月 精力：-2]', '0');
INSERT INTO `m_card` VALUES ('63', '12', '个人觉察', '1', '0', '1', '0', '0', '0', '0', '0', '0', 'FreeEnergy', '0', null, '0', '2022-09-30 11:23:50', '1', '0', '你觉察到万物本如是，只需要去看见真相，就会获得力量。 [精力：+1]', '0');
INSERT INTO `m_card` VALUES ('64', '6', '房产投资-24室公寓（24-0）', '0', '0', '-8', '20000', '0', '500000', '4000000', '3500000', '0', 'BindCard', '0', null, '0', '2022-09-30 11:30:07', '1', '1', '支付以下首付款即可获得1套本房产，并以出租的方式获得以下数额的被动收入(租金减去月供)。可以自己做，也可以转让。[首付：☆500,000 房产总价：☆4,000,000 抵押贷款：☆3,500,000 价格范围：☆4,000,000~6,000,000 被动收入：☆+2,000/月 精力：-8]', '0');
INSERT INTO `m_card` VALUES ('65', '12', '团体觉察', '0', '1', '1', '0', '0', '0', '10000', '0', '0', 'BindCard', '0', null, '0', '2022-09-30 11:31:29', '1', '4', '帮助你在创业路上处理各种法律纠纷，避免金钱和精力损耗。自愿选择是否聘请。 [顾问费：10000 精力：+1 在后续的法律纠纷环节免于处罚]', '0');
INSERT INTO `m_card` VALUES ('66', '6', '房产投资-3室2厅1卫（3-2-1）', '0', '0', '-2', '1500', '0', '50000', '700000', '650000', '0', 'BindCard', '0', null, '0', '2022-09-30 11:33:38', '1', '1', '支付以下首付款即可获得本房产，并以出租的方式获得以下数额的被动收入(租金减去月供)。可以自己做，也可以转让。[首付：☆50,000 房产总价：☆700,000 抵押贷款：☆650,000 价格范围：☆650,000~1,000,000 被动收入：☆+1,500/月 精力：-2]', '0');
INSERT INTO `m_card` VALUES ('67', '12', '个人觉察', '1', '0', '1', '0', '0', '0', '0', '0', '0', 'FreeEnergy', '0', null, '0', '2022-09-30 11:33:47', '1', '0', '正面积极的思考，帮你积蓄了许多的能量，身处逆境也能保持喜悦平和。 [精力：+1]', '0');
INSERT INTO `m_card` VALUES ('68', '12', '团体觉察/意识觉醒', '0', '1', '0', '0', '0', '0', '50000', '0', '0', 'BindCard', '0', null, '0', '2022-09-30 11:36:56', '1', '4', '人类意识开始觉醒，富而喜悦成为人人追求的生命状态。投资一笔费用，踏上富而喜悦的量子飞跃之路。自愿选择是否投资。 [投资金额：50000 获得一枚金翅膀 (每次掷骰子时可选择多加一粒骰子)]', '0');
INSERT INTO `m_card` VALUES ('69', '6', '房产投资-8室公寓（8-0）', '0', '0', '-5', '8000', '0', '200000', '1800000', '1600000', '0', 'BindCard', '0', null, '0', '2022-09-30 11:38:03', '0', '1', '支付以下首付款即可获得本房产，并以出租的方式获得以下数额的被动收入(租金减去月供)。可以自己做，也可以转让。[首付：☆200,000 房产总价：☆1,800,000 抵押贷款：☆1,600,000 价格范围：☆1,600,000~2,400,000 被动收入：☆+8,000/月 精力：-5]', '0');
INSERT INTO `m_card` VALUES ('70', '12', '个人觉察', '1', '0', '1', '0', '0', '0', '0', '0', '0', 'RedrawChanceCardFree', '0', null, '0', '2022-09-30 11:38:06', '1', '0', '不用在意别人的眼光，真实地做自己。 [免费抽取一张机会卡 精力：+1]', '0');
INSERT INTO `m_card` VALUES ('71', '6', '房产投资-1室1厅1卫（1-1-1）', '0', '0', '-2', '1000', '0', '30000', '500000', '470000', '0', 'BindCard', '0', null, '0', '2022-09-30 11:41:01', '1', '1', '支付以下首付款即可获得本房产，并以出租的方式获得以下数额的被动收入(租金减去月供)。可以自己做，也可以转让。[首付：☆30,000 房产总价：☆500,000 抵押贷款：☆470,000 价格范围：☆450,000~600,000 被动收入：☆+1,000/月 精力：-2]', '0');
INSERT INTO `m_card` VALUES ('72', '12', '个人觉察', '1', '0', '1', '0', '0', '0', '0', '0', '0', 'RedrawChanceCardFree', '0', null, '0', '2022-09-30 11:41:48', '1', '0', '你察觉到财富在舒适区之外，开始毫不迟疑地前进。 [免费抽取一张机会卡 精力：+1]', '0');
INSERT INTO `m_card` VALUES ('73', '12', '个人觉察', '1', '0', '1', '0', '0', '0', '0', '0', '0', 'FreeEnergy', '0', null, '0', '2022-09-30 11:43:59', '1', '0', '你觉察到只有采取行动才能得到自己想要的结果。于是不再浪费时间。积极行动起来。 [精力：+1]', '0');
INSERT INTO `m_card` VALUES ('74', '12', '个人觉察', '1', '0', '2', '0', '0', '0', '0', '0', '0', 'FreeEnergy', '0', null, '0', '2022-09-30 11:46:15', '1', '0', '你开始真正面对自己，言行一致，不再纠结，状态越来越好。 [精力：+2]', '0');
INSERT INTO `m_card` VALUES ('75', '6', '房产投资-4室公寓（4-0）', '0', '0', '-4', '5000', '0', '100000', '1100000', '1000000', '0', 'BindCard', '0', null, '0', '2022-09-30 11:46:35', '1', '1', '支付以下首付款即可获得本房产，并以出租的方式获得以下数额的被动收入(租金减去月供)。可以自己做，也可以转让。[首付：☆100,000 房产总价：☆1,100,000 抵押贷款：☆1,000,000 价格范围：☆800,000~1,400,000 被动收入：☆+5,000/月 精力：-4]', '0');
INSERT INTO `m_card` VALUES ('76', '12', '个人觉察/情绪管理', '0', '0', '2', '0', '0', '0', '50000', '0', '0', 'BindCard', '0', null, '0', '2022-09-30 11:48:34', '1', '4', '释放情绪的卡点，变得充满活力，越来越年轻。 [学习投资：50000 精力：+2 获得一枚金翅膀(每次掷骰子时可选择多加一粒骰子)]', '0');
INSERT INTO `m_card` VALUES ('77', '12', '个人觉察', '1', '0', '1', '0', '0', '0', '0', '0', '0', 'RedrawChanceCardFree', '0', null, '0', '2022-09-30 11:49:36', '1', '0', '内在觉醒让你充满力量，机会也随之被吸引而来。 [免费抽取一张机会卡]', '0');
INSERT INTO `m_card` VALUES ('78', '12', '个人觉察', '1', '0', '1', '0', '0', '0', '0', '0', '0', 'RedrawChanceCardFree', '0', null, '0', '2022-09-30 11:51:17', '1', '0', '你信守承诺，说到做到，答应别人的事情都园满完成。 [免费抽取一张机会卡 精力：+1]', '0');
INSERT INTO `m_card` VALUES ('79', '6', '房产投资-2室0厅1卫（2-0-1）', '0', '0', '-2', '500', '0', '20000', '20000', '0', '0', 'BindCard', '0', null, '0', '2022-09-30 11:52:38', '1', '1', '你可以选择支付全款购买一套城乡结合部的旧房子。据说，此处房产将会被拆迁，有可能获得一笔☆200,000的拆迁补偿费用。[首付：☆20,000 房产总价：☆20,000 抵押贷款：☆0 价格范围：未知 被动收入：☆+500/月 精力：-2]', '0');
INSERT INTO `m_card` VALUES ('80', '12', '个人觉察', '1', '0', '1', '0', '0', '0', '0', '0', '0', 'RedrawChanceCardFree', '0', null, '0', '2022-09-30 11:52:58', '1', '0', '你意识到从事自己热爱的事情就可以致富。 [免费抽取一张机会卡 精力：+1]', '0');
INSERT INTO `m_card` VALUES ('81', '12', '个人觉察', '0', '0', '1', '0', '0', '0', '0', '0', '0', 'RedrawMarketCardFree', '0', null, '0', '2022-09-30 11:54:02', '1', '0', '勇敢面对眼前的困难,就算身处逆境,也能柳暗花明、出现转机。[抽取一张行情卡 精力：+1]', '0');
INSERT INTO `m_card` VALUES ('82', '12', '个人觉察', '1', '0', '2', '0', '0', '0', '0', '0', '0', 'FreeEnergy', '0', null, '0', '2022-09-30 11:55:03', '1', '0', '你意识到生命就是一场庆祝，开始享受和庆祝每一个当下。 [精力：+2]', '0');
INSERT INTO `m_card` VALUES ('83', '6', '房产投资-2室1厅1卫（2-1-1）', '0', '0', '-2', '1000', '0', '30000', '600000', '570000', '0', 'BindCard', '0', null, '0', '2022-09-30 11:55:20', '1', '1', '支付以下首付款即可获得本房产，并以出租的方式获得以下数额的被动收入(租金减去月供)。可以自己做，也可以转让。[首付：☆30,000 房产总价：☆600,000 抵押贷款：☆570,000 价格范围：☆450,000~700,000 被动收入：☆+1,000/月 精力：-2]', '0');
INSERT INTO `m_card` VALUES ('84', '12', '个人觉察', '1', '0', '2', '0', '0', '0', '0', '0', '0', 'FreeEnergy', '0', null, '0', '2022-09-30 11:56:12', '1', '0', '你意识到只要启动正念，就能帮你走出迷宫，轻松化解逆流。 [精力：+2]', '0');
INSERT INTO `m_card` VALUES ('85', '12', '个人觉察', '1', '0', '1', '0', '0', '0', '0', '0', '0', 'RedrawChanceCardFree', '0', null, '0', '2022-09-30 11:56:58', '1', '0', '你觉察到自己是配得的、昂贵的。 机会都自动找上门来。 在这个世界上，别人会因为你得到更多，而得到更多。 [免费抽取一张机会卡 精力：+1]', '0');
INSERT INTO `m_card` VALUES ('86', '6', '房产投资-3室2厅1卫（3-2-1）', '0', '0', '-2', '1000', '0', '40000', '700000', '660000', '0', 'BindCard', '0', null, '0', '2022-09-30 11:58:29', '1', '1', '支付以下首付款即可获得本房产，并以出租的方式获得以下数额的被动收入(租金减去月供)。可以自己做，也可以转让。[首付：☆40,000 房产总价：☆700,000 抵押贷款：☆660,000 价格范围：☆650,000~1,000,000 被动收入：☆+1,000/月 精力：-2]', '0');
INSERT INTO `m_card` VALUES ('87', '12', '个人觉察', '0', '0', '-5', '0', '0', '0', '30000', '0', '0', 'BindCard', '0', null, '0', '2022-09-30 13:44:27', '1', '4', '你开始学习如何管理 自己的小声音， 生活变得越来越轻盈。 [学习投资：30000 精力：-5  获得一枚金翅膀（每次掷骰子时可选择多加一粒骰子）]', '0');
INSERT INTO `m_card` VALUES ('88', '6', '房产投资-2室公寓（2-0）', '0', '0', '-4', '4500', '0', '60000', '700000', '640000', '0', 'BindCard', '0', null, '0', '2022-09-30 13:44:43', '1', '1', '支付以下首付款即可获得本房产，并以出租的方式获得以下数额的被动收入(租金减去月供)。可以自己做，也可以转让。[首付：☆60,000 房产总价：☆700,000 抵押贷款：☆640,000 价格范围：☆500,000~900,000 被动收入：☆+4,500/月 精力：-4]', '0');
INSERT INTO `m_card` VALUES ('89', '12', '个人觉察', '1', '0', '1', '0', '0', '0', '0', '0', '0', 'FreeEnergy', '0', null, '0', '2022-09-30 13:45:32', '1', '0', '活在当下， 而不是过去或未来， 会加速你进入顺流。 [精力;+1]', '0');
INSERT INTO `m_card` VALUES ('90', '12', '个人觉察', '1', '0', '1', '0', '0', '0', '0', '0', '0', 'RedrawChanceCardFree', '0', null, '0', '2022-09-30 13:46:46', '1', '0', '你意识到自己是一切的根源， 于是不再抱怨，开始负起责任。 机会也越来越多。[免费抽取一张机会卡 精力：+1]', '0');
INSERT INTO `m_card` VALUES ('91', '12', '个人觉察', '1', '0', '2', '0', '0', '0', '0', '0', '0', 'FreeEnergy', '0', null, '0', '2022-09-30 13:47:39', '1', '0', '停止自我批判和自责， 开始好好爱自己， 因为你值得被爱， 不需要任何理由。', '0');
INSERT INTO `m_card` VALUES ('92', '6', '房产投资-2室1厅1卫（2-1-1）', '0', '0', '-2', '800', '0', '20000', '600000', '580000', '0', 'BindCard', '0', null, '0', '2022-09-30 13:47:40', '1', '1', '支付以下首付款即可获得本房产，并以出租的方式获得以下数额的被动收入(租金减去月供)。可以自己做，也可以转让。[首付：☆20,000 房产总价：☆600,000 抵押贷款：☆580,000 价格范围：☆450,000~700,000 被动收入：☆+800/月 精力：-2]', '0');
INSERT INTO `m_card` VALUES ('93', '12', '个人觉察', '1', '0', '1', '0', '0', '0', '0', '0', '0', 'RedrawMarketCardFree', '0', null, '0', '2022-09-30 13:49:26', '1', '0', '做任何事情都100% 投人在当下，是你走出逆流， 获得自由的关键所在。 [抽取一张行情卡 精力：+1]', '0');
INSERT INTO `m_card` VALUES ('94', '6', '房产投资-2室公寓（2-0）', '0', '0', '-2', '2000', '0', '50000', '600000', '550000', '0', 'BindCard', '0', null, '0', '2022-09-30 13:49:59', '1', '1', '支付以下首付款即可获得本房产，并以出租的方式获得以下数额的被动收入(租金减去月供)。可以自己做，也可以转让。[首付：☆50,000 房产总价：☆600,000 抵押贷款：☆550,000 价格范围：☆400,000~700,000 被动收入：☆+2,000/月 精力：-2]', '0');
INSERT INTO `m_card` VALUES ('95', '12', '个人觉察', '1', '0', '1', '0', '0', '0', '0', '0', '0', 'RedrawChanceCardFree', '0', null, '0', '2022-09-30 13:50:56', '1', '0', '喜悦可以提升你的智慧。 喜悦越多，机会越多。 [免费抽取一张机会卡 精力;+1]', '0');
INSERT INTO `m_card` VALUES ('96', '12', '个人觉察', '1', '0', '1', '0', '0', '0', '0', '0', '0', 'RedrawChanceCardFree', '0', null, '0', '2022-09-30 13:51:57', '1', '0', '你意识到只要去创造价值， 财富自然就会被吸引而来。 [免费抽取一张机会卡 精力：+1]', '0');
INSERT INTO `m_card` VALUES ('97', '6', '房产投资-1室1厅1卫（1-1-1）', '0', '0', '-2', '500', '0', '10000', '500000', '490000', '0', 'BindCard', '0', null, '0', '2022-09-30 13:53:01', '1', '1', '支付以下首付款即可获得本房产，并以出租的方式获得以下数额的被动收入(租金减去月供)。可以自己做，也可以转让。[首付：☆10,000 房产总价：☆500,000 抵押贷款：☆490,000 价格范围：☆450,000~600,000 被动收入：☆+500/月 精力：-2]', '0');
INSERT INTO `m_card` VALUES ('98', '6', '房产投资-2室公寓（2-0）', '0', '0', '-3', '2500', '0', '60000', '600000', '540000', '0', 'BindCard', '0', null, '0', '2022-09-30 13:55:14', '1', '1', '支付以下首付款即可获得本房产，并以出租的方式获得以下数额的被动收入(租金减去月供)。可以自己做，也可以转让。[首付：☆60,000 房产总价：☆600,000 抵押贷款：☆540,000 价格范围：☆400,000~700,000 被动收入：☆+2,500/月 精力：-3]', '0');
INSERT INTO `m_card` VALUES ('99', '12', '个人觉察', '1', '0', '2', '0', '0', '0', '0', '0', '0', 'RedrawMarketCardFree', '0', null, '0', '2022-09-30 13:55:20', '1', '0', '你意识到面对恐惧，最好的方法，就是与想惧共舞， 于是不再害怕风险， 积极投身到机会之中。 [抽取一张行情卡 精力：+2] ', '0');
INSERT INTO `m_card` VALUES ('100', '6', '房产投资-1室1厅1卫（1-1-1）', '0', '0', '-2', '1200', '0', '30000', '500000', '470000', '0', 'BindCard', '0', null, '0', '2022-09-30 13:57:01', '1', '1', '支付以下首付款即可获得本房产，并以出租的方式获得以下数额的被动收入(租金减去月供)。可以自己做，也可以转让。[首付：☆30,000 房产总价：☆500,000 抵押贷款：☆470,000 价格范围：☆450,000~600,000 被动收入：☆+1,200/月 精力：-2]', '0');
INSERT INTO `m_card` VALUES ('101', '12', '个人觉察', '1', '0', '2', '0', '0', '0', '0', '0', '0', 'FreeEnergy', '0', null, '0', '2022-09-30 13:57:08', '1', '0', '你觉察到,爱是化解一切的力量， 是让你走出逆流， 进入顺流的强大助推剂。  [精力：+2]', '0');
INSERT INTO `m_card` VALUES ('102', '6', '房产投资-1室1厅1卫（1-1-1）', '0', '0', '-2', '500', '0', '20000', '500000', '480000', '0', 'BindCard', '0', null, '0', '2022-09-30 13:59:04', '1', '1', '支付以下首付款即可获得本房产，并以出租的方式获得以下数额的被动收入(租金减去月供)。可以自己做，也可以转让。[首付：☆20,000 房产总价：☆500,000 抵押贷款：☆480,000 价格范围：☆450,000~600,000 被动收入：☆+500/月 精力：-2]', '0');
INSERT INTO `m_card` VALUES ('103', '12', '个人觉察', '1', '0', '1', '0', '0', '0', '0', '0', '0', 'RedrawChanceCardFree', '0', null, '0', '2022-09-30 14:00:01', '1', '0', '你意识到焦点在哪里， 哪里就会放大， 于是开始把精力都投入到 正面积极的事物之中。 [免费抽取一张机会卡 精力：+1]', '0');
INSERT INTO `m_card` VALUES ('104', '12', '个人觉察', '1', '0', '1', '0', '0', '0', '0', '0', '0', 'RedrawChanceCardFree', '0', null, '0', '2022-09-30 14:01:21', '1', '0', '你意识到自己是有价值的， 变得越来越自信， 机会也随之多了起来。 [免费抽取一张机会卡 精力：+1]', '0');
INSERT INTO `m_card` VALUES ('105', '6', '房产投资-4室公寓（4-0）', '0', '0', '-4', '6000', '0', '100000', '1200000', '1100000', '0', 'BindCard', '0', null, '0', '2022-09-30 14:02:04', '1', '1', '支付以下首付款即可获得本房产，并以出租的方式获得以下数额的被动收入(租金减去月供)。可以自己做，也可以转让。[首付：☆100,000 房产总价：☆1,200,000 抵押贷款：☆1,100,000 价格范围：☆800,000~1,500,000 被动收入：☆+6,000/月 精力：-4]', '0');
INSERT INTO `m_card` VALUES ('106', '10', 'L15项目投资-新能源公司', '0', '0', '5', '500000', '0', '0', '2000000', '0', '0', 'BindCard', '0', null, '0', '2022-09-30 14:21:35', '1', '11', '你可以选择投资一家新能源公司，获得被动收入。 [投资金额：☆200万 被动收入：☆+50万/月 精力：+5]', '0');
INSERT INTO `m_card` VALUES ('107', '5', '股票交易-K01科技公司', '0', '1', '-1', '0', '0', '0', '30', '0', '0', 'BindCard', '0', null, '1', '2022-09-30 14:40:22', '1', '2', '所有玩家均可买卖本支股票。[股票代码：K01  今日价格：☆30/股  可买股数：100股的整数倍，无上限  历史波动范围：☆5~30/股  精力：-1 （购买股票的玩家消耗1点精力）]', '100');
INSERT INTO `m_card` VALUES ('108', '5', '股票交易-K01科技公司', '0', '1', '-1', '0', '0', '0', '10', '0', '0', 'BindCard', '0', null, '1', '2022-09-30 14:42:28', '1', '2', '所有玩家均可买卖本支股票。[股票代码：K01  今日价格：☆10/股  可买股数：100股的整数倍，无上限  历史波动范围：☆5~30/股  精力：-1 （购买股票的玩家消耗1点精力）]', '100');
INSERT INTO `m_card` VALUES ('109', '5', '股票交易-Y09药业公司', '0', '1', '-1', '0', '0', '0', '30', '0', '0', 'BindCard', '0', null, '1', '2022-09-30 14:45:32', '1', '2', '所有玩家均可买卖本支股票。[股票代码：Y09  今日价格：☆30/股  可买股数：100股的整数倍，无上限  历史波动范围：☆5~30/股  精力：-1 （购买股票的玩家消耗1点精力）]', '100');
INSERT INTO `m_card` VALUES ('110', '5', '股票交易-H01娱乐公司', '0', '1', '-1', '0', '0', '0', '10', '0', '0', 'BindCard', '0', null, '1', '2022-09-30 14:48:44', '1', '2', '所有玩家均可买卖本支股票。[股票代码：H01  今日价格：☆10/股  可买股数：100股的整数倍，无上限  历史波动范围：☆10~30/股  精力：-1 （购买股票的玩家消耗1点精力）]', '100');
INSERT INTO `m_card` VALUES ('111', '5', '股票交易-H01娱乐公司', '0', '1', '-1', '0', '0', '0', '20', '0', '0', 'BindCard', '0', null, '1', '2022-09-30 14:51:14', '1', '2', '所有玩家均可买卖本支股票。[股票代码：H01  今日价格：☆20/股  可买股数：100股的整数倍，无上限  历史波动范围：☆10~30/股  精力：-1 （购买股票的玩家消耗1点精力）]', '100');
INSERT INTO `m_card` VALUES ('112', '5', '股票交易-Y09药业公司', '0', '1', '-1', '0', '0', '0', '20', '0', '0', 'BindCard', '0', null, '1', '2022-09-30 14:55:55', '1', '2', '所有玩家均可买卖本支股票。[股票代码：Y09  今日价格：☆20/股  可买股数：100股的整数倍，无上限  历史波动范围：☆5~30/股  精力：-1 （购买股票的玩家消耗1点精力）]', '100');
INSERT INTO `m_card` VALUES ('113', '5', '股票交易-H01娱乐公司', '0', '1', '-1', '0', '0', '0', '5', '0', '0', 'BindCard', '0', null, '1', '2022-09-30 14:59:45', '1', '2', '所有玩家均可买卖本支股票。[股票代码：H01  今日价格：☆5/股  可买股数：100股的整数倍，无上限  历史波动范围：☆10~30/股  精力：-1 （购买股票的玩家消耗1点精力）]', '100');
INSERT INTO `m_card` VALUES ('114', '5', '股票交易-K01科技公司', '0', '1', '-1', '0', '0', '0', '20', '0', '0', 'BindCard', '0', null, '1', '2022-09-30 15:07:15', '1', '2', '所有玩家均可买卖本支股票。[股票代码：K01  今日价格：☆20/股  可买股数：100股的整数倍，无上限  历史波动范围：☆5~30/股  精力：-1 （购买股票的玩家消耗1点精力）]', '100');
INSERT INTO `m_card` VALUES ('115', '5', '股票交易-H01娱乐公司', '0', '1', '-1', '0', '0', '0', '40', '0', '0', 'BindCard', '0', null, '1', '2022-09-30 15:10:46', '1', '2', '所有玩家均可买卖本支股票。[股票代码：H01  今日价格：☆40/股  可买股数：100股的整数倍，无上限  历史波动范围：☆10~30/股  精力：-1 （购买股票的玩家消耗1点精力）]', '100');
INSERT INTO `m_card` VALUES ('116', '5', '银行存单', '0', '1', '0', '100', '0', '0', '30000', '0', '0', 'BindCard', '0', null, '1', '2022-09-30 15:20:43', '1', '6', '银行保证有利息并可以随时赎回。所有玩家均可参与。[产品代码：M02 可买份数：整数份购买，无上限 投资金额：☆30,000/份 利息：☆+100/月/份]', '1');
INSERT INTO `m_card` VALUES ('117', '5', '银行理财产品', '0', '1', '0', '100', '0', '0', '20000', '0', '0', 'BindCard', '0', null, '1', '2022-09-30 16:25:56', '1', '6', '你可以购买一款银行理财产品，获得利息收入，可以随时赎回。所有玩家均可参与。[产品代码：E01 可买份数：整数份购买，无上限 投资金额：☆20,000/份 利息：☆+100/月/份]', '1');
INSERT INTO `m_card` VALUES ('118', '5', '基金交易-Z01股票型基金', '0', '1', '0', '100', '0', '0', '5000', '0', '0', 'BindCard', '0', null, '1', '2022-09-30 20:26:44', '1', '6', '可以购买本支基金，获得利息收入，可以随时赎回。所有玩家均可参与。[基金代码：Z01 可买份数：整数份购买，无上限 今日价格：☆5,000/份 利息：☆+100/月/份]', '1');
INSERT INTO `m_card` VALUES ('119', '5', '互联网借贷产品', '0', '1', '0', '500', '0', '0', '20000', '0', '0', 'BindCard', '0', null, '1', '2022-09-30 20:31:41', '1', '6', '你可以选择在互联网借贷平台投资一款产品，该平台保证有较高的利息，并且可以随时赎回。所有玩家均可参与。[产品代码：WY01 可买份数：整数份购买，无上限 投资金额：☆20,000/份 利息：☆+500/月/份]', '1');
INSERT INTO `m_card` VALUES ('120', '5', '股票交易-X02新股上市', '0', '0', '0', '0', '0', '0', '10', '0', '1', 'BindCard', '0', null, '1', '2022-09-30 20:38:57', '1', '2', '可以选择购买该股票，掷一粒骰子，根据点数获得相应倍数的回报。可以自己做，也可以转让。[股票代码：X02 今日价格：☆10/股 可买股数：100~1000股 收益：点数为几 就获得投资金额几倍的现金]', '100');
INSERT INTO `m_card` VALUES ('121', '5', '外汇交易', '0', '1', '-1', '0', '0', '5000', '0', '0', '1', 'BindCard', '0', null, '0', '2022-09-30 20:44:38', '1', '0', '如果你选择开始交易，先支付保证金(不可退回)，然后掷1粒骰子，如果点数等于6，则获得收益；否则没有收益。所有玩家均可参与。[投资金额：☆5,000/份 收益：点数=6，获得☆50,000现金； 否则为：☆0 精力：-1]', '0');
INSERT INTO `m_card` VALUES ('122', '5', '大病医疗保险/保险', '0', '1', '0', '0', '1000', '0', '0', '0', '0', 'BindCard', '0', null, '0', '2022-09-30 20:52:28', '1', '13', '保险公司推出了一款大病医疗保险，所有玩家均可购买。[保险代码：B01 受益人：本人及家人 费用：☆1,000/月 保额：☆30,000]', '0');
INSERT INTO `m_card` VALUES ('123', '9', '烘焙师', '0', '0', '4', '6000', '3000', '0', '0', '0', '0', 'BindCard', '0', null, '0', '2022-09-30 21:37:36', '1', '8', '因为爱上她烘焙的食物而爱上了她。[工资收入：☆6,000 生活支出：☆3,000 月现金流：☆3,000 精力：+4]', '0');
INSERT INTO `m_card` VALUES ('124', '9', '服装店经理', '0', '0', '3', '9000', '4500', '0', '0', '0', '0', 'BindCard', '0', null, '0', '2022-09-30 21:39:55', '1', '8', '非常善于沟通的服装店经理，虽然上班时间较长，但是工资收入可观。[工资收入：☆9,000 生活支出：☆4,500 月现金流：☆4,500 精力：+3]', '0');
INSERT INTO `m_card` VALUES ('125', '9', '护士', '0', '0', '4', '6000', '4000', '0', '0', '0', '0', 'BindCard', '0', null, '0', '2022-09-30 21:41:50', '1', '8', '在一次看病中认识的护士，温柔、性感、体贴。[工资收入：☆6,000 生活支出：☆4,000 月现金流：☆2,000 精力：+4]', '0');
INSERT INTO `m_card` VALUES ('126', '9', '小学教师', '0', '0', '4', '8000', '5000', '0', '0', '0', '0', 'BindCard', '0', null, '0', '2022-09-30 21:43:39', '1', '8', '在一次聚会上认识，你被她的纯真打动，工资收入稳定，精力较充沛。[工资收入：☆8,000 生活支出：☆5,000 月现金流：☆3,000 精力：+4]', '0');
INSERT INTO `m_card` VALUES ('127', '9', '财务总监', '0', '0', '3', '25000', '15000', '0', '0', '0', '0', 'BindCard', '0', null, '0', '2022-09-30 21:45:30', '1', '8', '公司的核心骨干，忠诚、细心、风险意识强，工资收入高、时间少。[工资收入：☆25,000 生活支出：☆15,000 月现金流：☆10,000 精力：+3]', '0');
INSERT INTO `m_card` VALUES ('128', '9', '银行客户经理', '0', '0', '4', '9000', '3500', '0', '0', '0', '0', 'BindCard', '0', null, '0', '2022-09-30 21:48:49', '0', '8', '工作稳定，工资收入比一般公职人员高，朝九晚五定点上下班。[工资收入：☆9,000 生活支出：☆3,500 月现金流：☆5,500 精力：+4]', '0');
INSERT INTO `m_card` VALUES ('129', '9', '儿童摄影师', '0', '0', '4', '10000', '6000', '0', '0', '0', '0', 'BindCard', '0', null, '0', '2022-09-30 21:51:45', '1', '8', '很有爱心的儿童摄影师，工资收入很好，时间相对自由。[工资收入：☆10,000 生活支出：☆6,000 月现金流：☆4,000 精力：+4]', '0');
INSERT INTO `m_card` VALUES ('130', '9', '节目主持人', '0', '0', '3', '20000', '18500', '0', '0', '0', '0', 'BindCard', '0', null, '0', '2022-09-30 21:54:13', '1', '8', '电视节目主持人,形象好气质佳工资收入高,支出也高。[工资收入：☆20,000 生活支出：☆18,500 月现金流：☆1,500 精力：+3]', '0');
INSERT INTO `m_card` VALUES ('131', '9', '五星级酒店大厨', '0', '0', '3', '18000', '12000', '0', '0', '0', '0', 'BindCard', '0', null, '0', '2022-09-30 21:55:47', '1', '8', '高中毕业就去学厨师，目前就职于一家五星级酒店，擅长意大利菜，给你做各种好吃的。[工资收入：☆18,000 生活支出：☆12,000 月现金流：☆6,000 精力：+3]', '0');
INSERT INTO `m_card` VALUES ('132', '9', '律师', '0', '0', '2', '15000', '8000', '0', '0', '0', '0', 'BindCard', '0', null, '0', '2022-09-30 21:57:15', '1', '8', '你们相识于一个聚会上，他的口才和思辨能力深深吸引了你。[工资收入：☆15,000 生活支出：☆8,000 月现金流：☆7,000 精力：+2]', '0');
INSERT INTO `m_card` VALUES ('133', '9', '美发师', '0', '0', '3', '15000', '8000', '0', '0', '0', '0', 'BindCard', '0', null, '0', '2022-09-30 21:59:23', '1', '8', '在一次剪头发的过程中，被他帅气的发型所征服，你实现了一辈子剪头发都不要钱的梦想。[工资收入：☆15,000 生活支出：☆8,000 月现金流：☆7,000 精力：+3]', '0');
INSERT INTO `m_card` VALUES ('134', '9', '公务员', '0', '0', '4', '6000', '3000', '0', '0', '0', '0', 'BindCard', '0', null, '0', '2022-09-30 22:05:17', '1', '8', '拥有朝九晚五的稳定工作,收入虽然不高,却可以给你想要的安全感。[工资收入：☆6,000 生活支出：☆3,000 月现金流：☆3,000 精力：+4]', '0');
INSERT INTO `m_card` VALUES ('135', '9', 'IT程序员', '0', '0', '3', '15000', '6000', '0', '0', '0', '0', 'BindCard', '0', null, '0', '2022-09-30 22:06:43', '1', '8', '闷骚IT男，你们通过相亲认识，细心靠谱，每天都会工作到很晚。[工资收入：☆15,000 生活支出：☆6,000 月现金流：☆9,000 精力：+3]', '0');
INSERT INTO `m_card` VALUES ('136', '9', '挖掘机驾驶员', '0', '0', '3', '25000', '15000', '0', '0', '0', '1', 'BindCard', '0', null, '0', '2022-09-30 22:08:29', '1', '8', '工资收入高，踏实肯干，强壮如牛，会存钱，对你好。[工资收入：☆25,000 生活支出：☆15,000 月现金流：☆10,000 精力：+3]', '0');
INSERT INTO `m_card` VALUES ('137', '9', '健身达人', '0', '0', '6', '10000', '10000', '0', '0', '0', '0', 'BindCard', '0', null, '0', '2022-09-30 22:10:06', '1', '8', '典型的肌肉男，英俊潇洒，帅气，工资收入不错，钱都花在健身和打扮上的月光族。[工资收入：☆10,000 生活支出：☆10,000 月现金流：☆0 精力：+6]', '0');
INSERT INTO `m_card` VALUES ('138', '9', '记着', '0', '0', '3', '15000', '8000', '0', '0', '0', '0', 'BindCard', '0', null, '0', '2022-09-30 22:11:24', '1', '8', '在一次采访中结识的记者，被他的正义和职业精神打动，决定和他共度余生。[工资收入：☆15,000 生活支出：☆8,000 月现金流：☆7,000 精力：+3]', '0');
INSERT INTO `m_card` VALUES ('139', '9', '装修设计师', '0', '0', '3', '12000', '6000', '0', '0', '0', '0', 'BindCard', '0', null, '0', '2022-09-30 22:12:49', '1', '8', '充满想象力的设计师热情奔放。经常加班赶设计稿子。[工资收入：☆12,000 生活支出：☆6,000 月现金流：☆6,000 精力：+3]', '0');
INSERT INTO `m_card` VALUES ('140', '9', '医生', '0', '0', '3', '12000', '7000', '0', '0', '0', '0', 'BindCard', '0', null, '0', '2022-09-30 22:14:04', '1', '8', '医学名校毕业，是所在医院的青年骨干，收入高、时间少，对你还很好。[工资收入：☆12,000 生活支出：☆7,000 月现金流：☆5,000 精力：+3]', '0');
INSERT INTO `m_card` VALUES ('142', '11', '房屋拆迁', '1', '1', '0', '-500', '0', '0', '100000', '0', '0', 'HouseDemolition', '1', '79', '0', '2022-10-03 23:39:14', '1', '0', '政府部门对规划区域实行拆迁，对城乡结合部的旧房子进行强制回收，拥有城乡结合部旧房子的玩家得到一定数量的拆迁补偿费用。 [拆迁补偿收入：100,000 清掉此房产带来的被动收入]', null);
INSERT INTO `m_card` VALUES ('143', '11', '基金业绩提升', '0', '1', '0', '100', '0', '0', '0', '0', '0', 'FundMarket', '1', '118', '0', '2022-10-04 21:41:53', '1', '0', '新来的基金经理拥有丰富的投资经验，股票基金收益增加。 [基金股息:+100/月/份 受此影响的基金:Z01]', null);
INSERT INTO `m_card` VALUES ('144', '11', '基金业绩下降', '0', '1', '0', '-100', '0', '0', '0', '0', '0', 'FundMarket', '1', '118', '0', '2022-10-04 21:47:13', '1', '0', '由于经济危机的影响，股票基金收益减少。 [基金股息:-100/月/份 受此影响的基金:Z01]', null);
INSERT INTO `m_card` VALUES ('145', '11', '房产行情', '1', '1', '0', '0', '0', '0', '0', '0', '0', 'SellHouse', '2', '{\"100\":\"550000\",\"102\":\"550000\",\"30\":\"800000\",\"61\":\"650000\",\"62\":\"800000\",\"66\":\"800000\",\"71\":\"550000\",\"83\":\"650000\",\"86\":\"800000\",\"92\":\"650000\",\"97\":\"550000\"}', '1', '2022-10-08 09:28:48', '1', '0', '房产户型 市场购买价格/套\\1-1-1 ☆ 550,000\\2-1-1 ☆ 650,000\\3-2-1 ☆ 800,000[市场现在需要购买以上户型的房产。 所有玩家都可以参与出售。 玩家收益=市场购买价格-房产抵押贷款]', '0');
INSERT INTO `m_card` VALUES ('146', '11', '租房行情', '1', '1', '0', '0', '0', '0', '0', '0', '0', 'RentMarket', '2', '{\"100\":\"-500\",\"102\":\"-500\",\"30\":\"800\",\"61\":\"-600\",\"62\":\"800\",\"66\":\"800\",\"71\":\"-500\",\"83\":\"-600\",\"86\":\"800\",\"92\":\"-600\",\"97\":\"-500\"}', '0', '2022-10-08 10:50:54', '1', '0', '租房行情 租金/套/月\\1-1-1 ☆ -500\\2-1-1 ☆ -600\\3-2-1 ☆ +800[随着租房市场的变化，不同户型的出租性房产，租金收益也出现了相应的浮动。如果你拥有上述可以用于出租的房产，则租金收益做相应的调整。]', null);
INSERT INTO `m_card` VALUES ('147', '10', 'L11项目投资-篮球队', '0', '0', '30', '0', '0', '0', '10000000', '0', '1', 'BindCard', '0', null, '0', '2022-10-10 09:25:26', '1', '11', '你可以选择参与投资一支篮球队。[投资金额：☆1,000万 收益：掷一粒骰子，点数>4， 则得到☆2亿现金； 否则损失所有本金。 精力：+30]', '0');
INSERT INTO `m_card` VALUES ('148', '10', 'L10项目投资-连锁品牌幼儿园', '0', '0', '15', '500000', '0', '0', '3000000', '0', '0', 'BindCard', '0', null, '0', '2022-10-10 09:29:56', '1', '11', '你可以选择参与投资一家全国连锁的双语幼儿园，获得被动收入。[投资金额：☆300万 被动收入：☆+50万/月 精力：+15]', '0');
INSERT INTO `m_card` VALUES ('149', '10', 'L10项目投资-连锁品牌幼儿园', '0', '0', '20', '5000000', '0', '0', '100000000', '0', '0', 'BindCard', '0', null, '0', '2022-10-10 09:31:52', '1', '11', '你可以选择并购一家保险公司，获得被动收入。[投资金额：☆1亿 被动收入：☆+500万/月 精力：+20]', '0');
INSERT INTO `m_card` VALUES ('150', '10', 'L02项目投资-度假村', '0', '0', '10', '1000000', '0', '0', '10000000', '0', '0', 'BindCard', '0', null, '0', '2022-10-10 10:13:55', '1', '11', '你可以选择投资一个度假村，获得被动收入。[投资金额：☆1,000万 被动收入：☆+100万/月 精力：+10]', '0');
INSERT INTO `m_card` VALUES ('151', '10', 'L13项目投资-制药企业', '0', '0', '15', '0', '0', '0', '30000000', '0', '1', 'BindCard', '0', null, '0', '2022-10-10 10:24:21', '1', '11', '你可以选择投资一家制药企业。[投资金额：☆3,000万 收益：掷一粒骰子，点数为几， 则得到投资金额几倍的现金。 精力：+15]', '0');
INSERT INTO `m_card` VALUES ('152', '10', 'L20跟大师学太极', '0', '0', '30', '0', '0', '0', '3000000', '0', '0', 'BindCard', '0', null, '0', '2022-10-10 10:28:50', '1', '11', '你可以选择和一位太极大师学习太极，领略太极的智慧。[投资金额：☆100万 精力：+30]', '0');
INSERT INTO `m_card` VALUES ('153', '10', 'L07项目投资-互联网医疗平台', '0', '0', '10', '0', '0', '0', '10000000', '0', '1', 'BindCard', '0', null, '0', '2022-10-10 10:30:50', '1', '11', '你可以选择投资一家互联网医疗平台。[投资金额：☆1,000万 收益：掷一粒骰子，点数>5， 则得到☆2亿现金； 否则损失所有本金。 精力：+10]', '0');
INSERT INTO `m_card` VALUES ('154', '10', 'L12项目投资-星级饭店', '0', '0', '10', '2000000', '0', '0', '10000000', '0', '0', 'BindCard', '0', null, '0', '2022-10-10 10:33:23', '1', '11', '你可以选择投资一家星级饭店，获得被动收入。[投资金额：☆1,000万 被动收入：☆+200万/月 精力：+10]', '0');
INSERT INTO `m_card` VALUES ('155', '10', 'L26项目投资-宠物电商服务平台', '0', '0', '5', '300000', '0', '0', '3000000', '0', '0', 'BindCard', '0', null, '0', '2022-10-10 10:35:38', '1', '11', '你可以选择参与投资一家宠物电商服务平台，获得被动收入。[投资金额：☆300万 被动收入：☆+30万/月 精力：+5]', '0');
INSERT INTO `m_card` VALUES ('156', '7', '个人逆流', '1', '0', '-1', '-1000', '0', '0', '0', '0', '0', 'BindCard', '0', null, '0', '2022-10-10 10:38:54', '1', '9', '假裝自己很努力工作， 结果工作完成质量不佳， 被公司降职、减薪。[工资收入:-1000/月 精力:-1]', '0');
INSERT INTO `m_card` VALUES ('157', '7', '个人逆流', '1', '0', '-1', '0', '0', '0', '-3000', '0', '0', 'BindCard', '0', null, '0', '2022-10-10 10:43:34', '1', '9', '借了一笔钱给朋友， 没有归还，心里郁闷不已。 [现金损失:3000 精力:-1]', '0');
INSERT INTO `m_card` VALUES ('158', '7', '个人逆流', '1', '0', '0', '-1000', '0', '0', '0', '0', '0', 'BindCard', '0', null, '0', '2022-10-10 10:45:04', '1', '9', '市场不景气，公司降薪。 [工资收入:-1000/月]', '0');
INSERT INTO `m_card` VALUES ('159', '7', '个人逆流', '1', '0', '-1', '0', '0', '0', '-5000', '0', '0', 'BindCard', '0', null, '0', '2022-10-10 10:46:03', '1', '9', '接到一个朋友借钱的电话， 为其转了5,000， 转完之后才发现是诈骗。 懊恼又自责， 还消耗了你一些精力。', '0');
INSERT INTO `m_card` VALUES ('160', '7', '个人逆流', '1', '0', '-2', '0', '0', '0', '-10000', '0', '0', 'BindCard', '0', null, '0', '2022-10-10 10:47:44', '1', '9', '接受税务稽查， 需上缴一笔罚款，井消耗精力。 如果有聘请过财务顾问， 则不受此逆流影响。 [罚款支出:10000 精力:-2] ', '0');
INSERT INTO `m_card` VALUES ('161', '7', '个人逆流', '1', '0', '-1', '0', '0', '0', '-3000', '0', '0', 'BindCard', '0', null, '0', '2022-10-10 10:48:44', '1', '9', '运动的时候把腰给闪了， 需支付一笔治疗费用。 [治疗费用支出:3000 精力:-1]', '0');
INSERT INTO `m_card` VALUES ('162', '7', '个人逆流', '1', '0', '-1', '0', '0', '0', '0', '0', '0', 'BindCard', '0', null, '0', '2022-10-10 10:49:35', '1', '9', '嫉妒让你失去人生掌控权。 [精力:-1]', '0');
INSERT INTO `m_card` VALUES ('163', '7', '个人逆流', '1', '0', '-1', '0', '0', '0', '-30000', '0', '0', 'BindCard', '0', null, '0', '2022-10-10 10:50:34', '1', '9', '签合同导致法律纠纷， 损失了一笔费用， 并且在打官司的过程中 浪费了很多精力。 如果聘请过法务顾问， 则不受此逆流影响。 [现金损失:30000 精力:-1]', '0');
INSERT INTO `m_card` VALUES ('164', '7', '个人逆流', '1', '0', '-2', '0', '3000', '0', '0', '10000', '0', 'BindCard', '0', null, '0', '2022-10-10 10:52:18', '1', '9', '急需用钱，借了一笔月息 30%的高利贷10,000， 身心疲惫，消耗了很多精力， 财富报表做相应的变动。 [额外负债:10000 额外负债支出:+3000/月 精力:-2]', '0');
INSERT INTO `m_card` VALUES ('165', '7', '个人逆流', '1', '0', '-1', '0', '0', '0', '-10000', '0', '0', 'BindCard', '0', null, '0', '2022-10-10 10:53:23', '1', '9', '贪婪促使你投资了 一个自己毫不了解的项目， 损失了一笔现金。 [现金损失:10000 精力:-1]', '0');
INSERT INTO `m_card` VALUES ('166', '10', 'L28项目投资-咖啡馆', '0', '0', '10', '200000', '0', '0', '5000000', '0', '0', 'BindCard', '0', null, '0', '2022-10-10 10:53:33', '1', '11', '你可以选择投资加盟一家社交创业咖啡馆，获得被动收入。[投资金额：☆500万 被动收入：☆+20万/月 精力：+10]', '0');
INSERT INTO `m_card` VALUES ('167', '7', '个人逆流', '1', '0', '-1', '0', '0', '0', '-2000', '0', '0', 'BindCard', '0', null, '0', '2022-10-10 10:54:33', '1', '9', '你因为好面子， 花了一笔不该花的钱。 花完之后，内疚又自责。 [现金损失:2000 精力:-1]', '0');
INSERT INTO `m_card` VALUES ('168', '10', 'L23项目投资-在线教育平台', '0', '0', '10', '500000', '0', '0', '5000000', '0', '0', 'BindCard', '0', null, '0', '2022-10-10 10:55:47', '1', '11', '你可以选择投资一家在线教育平台，获得被动收入。[投资金额：☆500万 被动收入：☆+50万/月 精力：+10]', '0');
INSERT INTO `m_card` VALUES ('169', '10', 'L06项目投资-物联网公司', '0', '0', '5', '600000', '0', '0', '3000000', '0', '0', 'BindCard', '0', null, '0', '2022-10-10 11:00:05', '1', '11', '你可以选择投资一家物联网公司，获得被动收入。[投资金额：☆300万 被动收入：☆+60万/月 精力：+5]', '0');
INSERT INTO `m_card` VALUES ('170', '7', '个人逆流', '1', '0', '-2', '0', '0', '0', '0', '0', '0', 'BindCard', '0', null, '0', '2022-10-10 11:03:14', '1', '9', '因为自卑， 使得你无法发挥自己的潜能。 [精力:-2]', '0');
INSERT INTO `m_card` VALUES ('171', '7', '个人逆流', '1', '0', '-1', '0', '0', '0', '0', '0', '0', 'BindCard', '0', null, '0', '2022-10-10 11:04:07', '1', '9', '你乐于付出，却不习惯接受。 [精力:-1]', '0');
INSERT INTO `m_card` VALUES ('172', '7', '个人逆流', '1', '0', '-2', '0', '0', '0', '0', '0', '0', 'BindCard', '0', null, '0', '2022-10-10 11:05:01', '1', '9', '犹豫不决使你错失了许多机会， 也消耗了许多精力。 [精力:-2]', '0');
INSERT INTO `m_card` VALUES ('173', '10', 'L21项目投资-电影投资', '0', '0', '15', '0', '0', '0', '10000000', '0', '1', 'BindCard', '0', null, '0', '2022-10-10 11:05:59', '1', '11', '你可以选择投资一部剧本非常优秀的电影。[投资金额：☆1,000万 收益：掷一粒骰子，点数>=3， 则得到☆3,000万现金；否则， 获得☆500万现金。 精力：+15]', '0');
INSERT INTO `m_card` VALUES ('174', '7', '个人逆流', '1', '0', '-2', '0', '0', '0', '0', '0', '0', 'BindCard', '0', null, '0', '2022-10-10 11:06:01', '1', '9', '忘记感恩让你一直处于受害者的状态， 消耗了很多的精力。 [精力:-2]', '0');
INSERT INTO `m_card` VALUES ('175', '7', '个人逆流', '1', '0', '-1', '0', '0', '0', '0', '0', '0', 'BindCard', '0', null, '0', '2022-10-10 11:06:47', '1', '9', '舍不得给自己投资， 不知道如何爱自己。 [精力:-1]', '0');
INSERT INTO `m_card` VALUES ('176', '10', 'L01项目投资-旅游企业', '0', '0', '15', '800000', '0', '0', '5000000', '0', '0', 'BindCard', '0', null, '0', '2022-10-10 11:07:31', '1', '11', '你可以选择投资一家旅游企业，获得被动收入。[投资金额：☆500万 被动收入：☆+80万/月 精力：+15]', '0');
INSERT INTO `m_card` VALUES ('177', '7', '个人逆流', '1', '0', '-2', '0', '0', '0', '-3000', '0', '0', 'BindCard', '0', null, '0', '2022-10-10 11:08:46', '1', '9', '你交友不慎，披骗了一笔钱， 为此郁闷消耗了很多精力。 [现金损失:3000 精力:-2]', '0');
INSERT INTO `m_card` VALUES ('178', '10', 'L27项目投资-养老服务中心', '0', '0', '20', '500000', '0', '0', '10000000', '0', '0', 'BindCard', '0', null, '0', '2022-10-10 11:09:55', '1', '11', '你可以选择投资一家养老服务中心，获得被动收入。[投资金额：☆1,000万 被动收入：☆+50万/月 精力：+20]', '0');
INSERT INTO `m_card` VALUES ('179', '7', '个人逆流', '1', '0', '-2', '0', '0', '0', '0', '0', '0', 'BindCard', '0', null, '0', '2022-10-10 11:10:52', '1', '9', '因为没控制住情绪， 跟别人吵了一架， 消耗很多精力。 [精力:-2]', '0');
INSERT INTO `m_card` VALUES ('180', '10', 'L05项目投资-教育培训企业', '0', '0', '20', '600000', '0', '0', '3000000', '0', '0', 'BindCard', '0', null, '0', '2022-10-10 11:11:49', '1', '11', '你可以选择投资一家教育培训企业，获得被动收入。[投资金额：☆300万 被动收入：☆+60万/月 精力：+20]', '0');
INSERT INTO `m_card` VALUES ('181', '7', '个人逆流', '1', '0', '-2', '0', '0', '0', '-500', '0', '0', 'BindCard', '0', null, '0', '2022-10-10 11:12:14', '1', '9', '你的证件丢了， 补办费了很多精力和金钱。 [现金损失:500 精力:-2]', '0');
INSERT INTO `m_card` VALUES ('182', '7', '个人逆流', '1', '0', '-1', '0', '0', '0', '0', '0', '0', 'BindCard', '0', null, '0', '2022-10-10 11:14:05', '1', '9', '和家人争吵，身心疲意。 [精力:-1]', '0');
INSERT INTO `m_card` VALUES ('183', '10', 'L09项目投资-区块链技术服务公司', '0', '0', '10', '0', '0', '0', '10000000', '0', '0', 'BindCard', '0', null, '0', '2022-10-10 11:14:59', '1', '11', '你可以选择投资一家区块链技术服务公司。[投资金额：☆1,000万 收益：掷一粒骰子，点数>5， 则得到☆5,000万现金； 否则损失所有本金。 精力：+10]', '0');
INSERT INTO `m_card` VALUES ('184', '7', '个人逆流', '1', '0', '-2', '0', '5000', '0', '0', '20000', '0', 'BindCard', '0', null, '0', '2022-10-10 11:16:01', '1', '9', '因为想买喜欢的物品， 借了一笔高利贷，利滚利， 滚出了20.000的负债， 再不还钱，债主就要上门收债， 应对债务身心疲惫。 [额外负债:20000 额外负债支出:+5000/月 精力:-2]', '0');
INSERT INTO `m_card` VALUES ('185', '7', '个人逆流', '1', '0', '-2', '0', '0', '0', '-1000', '0', '0', 'BindCard', '0', null, '0', '2022-10-10 11:17:24', '1', '9', '乱放东西，导致钱包找不到， 损失了一笔现金， 补办证件耗费了一些精力。 [现金损失:1000 精力:-2]', '0');
INSERT INTO `m_card` VALUES ('186', '10', 'L17印度学瑜伽', '0', '0', '20', '0', '0', '0', '200000', '0', '0', 'BindCard', '0', null, '0', '2022-10-10 11:18:15', '1', '11', '你可以选择和一位瑜伽大师学习瑜伽，领略瑜伽的魅力与智慧。[投资金额：☆20万 精力：+20]', '0');
INSERT INTO `m_card` VALUES ('187', '7', '个人逆流', '1', '0', '-1', '0', '0', '0', '-1000', '0', '0', 'BindCard', '0', null, '0', '2022-10-10 11:19:20', '1', '9', '没有按照标准投放垃圾被罚款， 并消耗一些精力。 [罚款支出:1000 精力:-1]', '0');
INSERT INTO `m_card` VALUES ('188', '10', 'L03大自然中-徒步修行', '0', '0', '30', '0', '0', '0', '1000000', '0', '0', 'BindCard', '0', null, '0', '2022-10-10 11:22:24', '1', '11', '你可以选择参与一场高端的徒步修行，和大自然亲密接触，感受大自然的魅力，探寻生命的真相。[投资金额：☆100万 精力：+30]', '0');
INSERT INTO `m_card` VALUES ('189', '10', 'L22项目投资-电商平台投资', '0', '0', '5', '300000', '0', '0', '3000000', '0', '0', 'BindCard', '0', null, '0', '2022-10-10 11:25:00', '1', '11', '你可以选择投资一家拥有潜力的社交电商平台，获得被动收入。[投资金额：☆300万 被动收入：☆+30万/月 精力：+5]', '0');
INSERT INTO `m_card` VALUES ('190', '10', 'L30项目投资-文创产品', '0', '0', '10', '200000', '0', '0', '5000000', '0', '0', 'BindCard', '0', null, '0', '2022-10-10 11:27:11', '1', '11', '你可以选择投资一家专门制作文创产品的公司，获得被动收入。[投资金额：☆500万 被动收入：☆+20万/月 精力：+10]', '0');
INSERT INTO `m_card` VALUES ('191', '10', 'L24项目投资-一档火爆的综艺节目', '0', '0', '15', '500000', '0', '0', '8000000', '0', '0', 'BindCard', '0', null, '0', '2022-10-10 11:29:04', '1', '11', '你可以选择投资一档非常火爆的综艺节目，获得被动收入。[投资金额：☆800万 被动收入：☆+50万/月 精力：+15]', '0');
INSERT INTO `m_card` VALUES ('192', '10', 'L04项目投资-癌症研究中心', '0', '0', '10', '3000000', '0', '0', '30000000', '0', '0', 'BindCard', '0', null, '0', '2022-10-10 11:31:48', '1', '11', '你可以选择投资一家癌症研究中心，获得被动收入。[投资金额：☆3,000万 被动收入：☆+300万/月 精力：+10]', '0');
INSERT INTO `m_card` VALUES ('193', '10', 'L08项目投资-品牌服装公司', '0', '0', '10', '800000', '0', '0', '5000000', '0', '0', 'BindCard', '0', null, '0', '2022-10-10 11:36:45', '1', '11', '你可以选择投资一家有20家直营店的品牌服装公司，获得被动收入。[投资金额：☆500万 被动收入：☆+80万/月 精力：+10]', '0');
INSERT INTO `m_card` VALUES ('194', '8', 'C15企业投资-社区便利店', '0', '0', '-3', '2500', '0', '50000', '50000', '0', '0', 'BindCard', '0', null, '0', '2022-10-10 11:37:10', '1', '3', '你可以选择投资加盟一家社区便利店， 获得被动收入。可以自己做，也可以转让。 [首期投资：☆50,000 资产成本：☆50,000 负债：☆0 被动收入：☆+2,500/月 精力：-3]', '0');
INSERT INTO `m_card` VALUES ('195', '8', 'C27企业投资 旅游景区特色客栈', '0', '0', '-6', '15000', '0', '300000', '750000', '450000', '0', 'BindCard', '0', null, '0', '2022-10-10 11:39:14', '1', '3', '你可以选择投资一家旅游景区的特色客栈， 获得被动收入。可以自己做，也可以转让。[首期投资：☆300,000 资产成本：☆750,000 负债：☆450,000 被动收入：☆+15,000/月 精力：-6]', '0');
INSERT INTO `m_card` VALUES ('196', '10', 'L14项目投资-家用机器人', '0', '0', '15', '0', '0', '0', '10000000', '0', '0', 'BindCard', '0', null, '0', '2022-10-10 11:41:29', '1', '11', '你可以选择投资一家即将上市的家用机器人生产企业。[投资金额：☆1,000万 收益：掷一粒骰子，点数>=3， 则得到☆3,000万现金；否则， 获得☆500万现金。 精力：+30]', '0');
INSERT INTO `m_card` VALUES ('197', '10', 'L19购买高端-医疗服务', '0', '0', '30', '0', '0', '0', '2000000', '0', '0', 'BindCard', '0', null, '0', '2022-10-10 11:45:54', '1', '11', '你可以选择购买一份高端医疗服务，为自己的健康保驾护航。[投资金额：☆200万 精力：+15]', '0');
INSERT INTO `m_card` VALUES ('198', '10', 'L29项目投资-民用无人机', '0', '0', '10', '200000', '0', '0', '5000000', '0', '0', 'BindCard', '0', null, '0', '2022-10-10 11:51:11', '1', '11', '你可以选择投资一家民用无人机生产公司，获得被动收入。[投资金额：☆500万 被动收入：☆+20万/月 精力：+10]', '0');
INSERT INTO `m_card` VALUES ('199', '10', 'L16项目投资-连锁中餐馆', '0', '0', '5', '300000', '0', '0', '3000000', '0', '0', 'BindCard', '0', null, '0', '2022-10-10 11:53:54', '1', '11', '你可以选择投资一家全球连锁品牌的中餐馆，获得被动收入。[投资金额：☆300万 被动收入：☆+30万/月 精力：+5]', '0');
INSERT INTO `m_card` VALUES ('200', '8', 'C19企业投资-中型连锁超市', '0', '0', '-6', '15000', '0', '200000', '1000000', '800000', '0', 'BindCard', '0', null, '0', '2022-10-10 13:39:53', '1', '3', '你可以选择投资一家中型连锁超市，获得被动收入。 可以自己做，也可以转让。[首期投资：☆200,000 资产成本：☆1,000,000 负债：☆800,000 被动收入：☆+15,000/月 精力：-6]', '0');
INSERT INTO `m_card` VALUES ('201', '8', 'C12企业投资-健康养生馆', '0', '0', '-5', '10000', '0', '100000', '200000', '100000', '0', 'BindCard', '0', null, '0', '2022-10-10 13:43:43', '1', '3', '你可以选择投资一家健康养生馆， 获得被动收入。可以自己做，也可以转让。[首期投资：☆100,000 资产成本：☆200,000 负债：☆100,000 被动收入：☆+10,000/月 精力：-5]', '0');
INSERT INTO `m_card` VALUES ('202', '8', 'C13企业投资-酒吧', '0', '0', '-5', '10000', '0', '150000', '400000', '250000', '0', 'BindCard', '0', null, '0', '2022-10-10 13:47:39', '1', '3', '你可以选择投资一家酒吧， 获得被动收入。可以自己做，也可以转让。[首期投资：☆150,000 资产成本：☆400,000 负债：☆250,000 被动收入：☆+10,000/月 精力：-5]', '0');
INSERT INTO `m_card` VALUES ('203', '8', 'C06企业投资-自动售水机', '0', '0', '-3', '3000', '0', '30000', '30000', '0', '0', 'BindCard', '0', null, '0', '2022-10-10 13:52:57', '1', '3', '你可以选择投资自动售水机， 获得被动收入。可以自己做，也可以转让。[首期投资：☆30,000/台 （最多可投资3台） 资产成本：☆30,000/台 负债：☆0 被动收入：☆+3,000/台/月 精力：-3/台]', '0');
INSERT INTO `m_card` VALUES ('204', '8', 'C05企业投资-外卖店', '0', '0', '-3', '2500', '0', '50000', '50000', '0', '0', 'BindCard', '0', null, '0', '2022-10-10 13:54:42', '1', '3', '你可以选择投资一家外卖店， 获得被动收入。可以自己做，也可以转让。[首期投资：☆50,000 资产成本：☆50,000 负债：☆0 被动收入：☆+2,500/月 精力：-3]', '0');
INSERT INTO `m_card` VALUES ('205', '8', 'C18企业投资-自动化企业', '0', '0', '-8', '20000', '0', '400000', '1800000', '1400000', '0', 'BindCard', '0', null, '0', '2022-10-10 13:58:17', '1', '3', '你可以选择投资一家自动化企业， 获得被动收入。可以自己做，也可以转让。[首期投资：☆400,000 资产成本：☆1,800,000 负债：☆1,400,000 被动收入：☆+20,000/月 精力：-8]', '0');
INSERT INTO `m_card` VALUES ('206', '8', 'C03企业投资-自助K歌房', '0', '0', '-2', '2000', '0', '40000', '40000', '0', '0', 'BindCard', '0', null, '0', '2022-10-10 14:04:09', '1', '3', '你可以选择投资自助K歌房， 获得被动收入。可以自己做，也可以转让。[首期投资：☆40,000/台 （最多可投资3台） 资产成本：☆40,000/台 负债：☆0 被动收入：☆+2,000/台/月 精力：-2/台]', '0');
INSERT INTO `m_card` VALUES ('207', '8', 'C26企业投资-健身中心', '0', '0', '-7', '18000', '0', '250000', '850000', '600000', '0', 'BindCard', '0', null, '0', '2022-10-10 14:07:05', '1', '3', '你可以选择投资一家健身中心， 获得被动收入。可以自己做，也可以转让。[首期投资：☆250,000 资产成本：☆850,000 负债：☆600,000 被动收入：☆+18,000/月 精力：-7]', '0');
INSERT INTO `m_card` VALUES ('208', '8', 'C25企业投资-婚纱影楼', '0', '0', '-6', '15000', '0', '300000', '800000', '500000', '0', 'BindCard', '0', null, '0', '2022-10-10 14:09:05', '1', '3', '你可以选择投资一家婚纱影楼， 获得被动收入。可以自己做，也可以转让。[首期投资：☆300,000 资产成本：☆800,000 负债：☆500,000 被动收入：☆+15,000/月 精力：-6]', '0');
INSERT INTO `m_card` VALUES ('209', '8', 'C07企业投资-早教中心', '0', '0', '-3', '2500', '0', '50000', '50000', '0', '0', 'BindCard', '0', null, '0', '2022-10-10 14:10:52', '1', '3', '你可以选择投资一家早教中心， 获得被动收入。可以自己做，也可以转让。[首期投资：☆50,000 资产成本：☆50,000 负债：☆0 被动收入：☆+2,500/月 精力：-3]', '0');
INSERT INTO `m_card` VALUES ('210', '8', 'C08企业投资-美容机构', '0', '0', '-3', '2500', '0', '60000', '200000', '140000', '0', 'BindCard', '0', null, '0', '2022-10-10 14:13:02', '1', '3', '你可以选择投资一家美容机构， 获得被动收入。可以自己做，也可以转让。[首期投资：☆60,000 资产成本：☆200,000 负债：☆140,000 被动收入：☆+2,500/月 精力：-3]', '0');
INSERT INTO `m_card` VALUES ('211', '8', 'C23企业投资-西餐厅', '0', '0', '-8', '25000', '0', '500000', '1500000', '1000000', '0', 'BindCard', '0', null, '0', '2022-10-10 14:15:36', '1', '3', '你可以选择投资一家西餐厅， 获得被动收入。可以自己做，也可以转让。[首期投资：☆500,000 资产成本：☆1,500,000 负债：☆1,000,000 被动收入：☆+25,000/月 精力：-8]', '0');
INSERT INTO `m_card` VALUES ('212', '8', 'C30企业投资-小型仓库', '0', '0', '-10', '30000', '0', '600000', '1000000', '400000', '0', 'BindCard', '0', null, '0', '2022-10-10 14:17:45', '1', '3', '你可以选择投资一家小型仓库， 获得被动收入。可以自己做，也可以转让。[首期投资：☆600,000 资产成本：☆1,000,000 负债：☆400,000 被动收入：☆+30,000/月 精力：-10]', '0');
INSERT INTO `m_card` VALUES ('213', '8', 'C20企业投资-共享充电宝', '0', '0', '-3', '5000', '0', '80000', '80000', '0', '0', 'BindCard', '0', null, '0', '2022-10-10 14:19:59', '1', '3', '你可以选择投资加盟一家共享充电宝公司， 获得被动收入。可以自己做，也可以转让。[首期投资：☆80,000 资产成本：☆80,000 负债：☆0 被动收入：☆+5,000/月 精力：-3]', '0');
INSERT INTO `m_card` VALUES ('214', '8', 'C21企业投资-科技公司', '0', '0', '-8', '25000', '0', '500000', '5000000', '4500000', '0', 'BindCard', '0', null, '0', '2022-10-10 14:25:12', '1', '3', '你可以选择投资一家小型科技公司， 获得被动收入。可以自己做，也可以转让。[首期投资：☆500,000 资产成本：☆5,000,000 负债：☆4,500,000 被动收入：☆+25,000/月 精力：-8]', '0');
INSERT INTO `m_card` VALUES ('215', '8', 'C17企业投资-洗车店', '0', '0', '-7', '18000', '0', '300000', '1200000', '900000', '0', 'BindCard', '0', null, '0', '2022-10-10 14:27:50', '1', '3', '你可以选择投资一家洗车店， 获得被动收入。可以自己做，也可以转让。[首期投资：☆300,000 资产成本：☆1,200,000 负债：☆900,000 被动收入：☆+18,000/月 精力：-7]', '0');
INSERT INTO `m_card` VALUES ('216', '8', 'C24企业投资-互联网广告公司', '0', '0', '-5', '9000', '0', '300000', '300000', '0', '0', 'BindCard', '0', null, '0', '2022-10-10 14:29:45', '1', '3', '你可以选择投资一家小型互联网广告公司， 获得被动收入。可以自己做，也可以转让。[首期投资：☆300,000 资产成本：☆300,000 负债：☆0 被动收入：☆+9,000/月 精力：-5]', '0');
INSERT INTO `m_card` VALUES ('217', '8', 'C22企业投资-汽车修理店', '0', '0', '-5', '10000', '0', '150000', '600000', '450000', '0', 'BindCard', '0', null, '0', '2022-10-10 14:31:35', '1', '3', '你可以选择投资一家汽车修理店， 获得被动收入。可以自己做，也可以转让。[首期投资：☆150,000 资产成本：☆600,000 负债：☆450,000 被动收入：☆+10,000/月 精力：-5]', '0');
INSERT INTO `m_card` VALUES ('218', '8', 'C02企业投资-自助咖啡机', '0', '0', '-2', '2000', '0', '50000', '50000', '0', '0', 'BindCard', '0', null, '0', '2022-10-10 14:33:35', '1', '3', '你可以选择投资自动咖啡机， 获得被动收入。可以自己做，也可以转让。[首期投资：☆50,000/台 （最多可投资3台） 资产成本：☆50,000/台 负债：☆0 被动收入：☆+2,000/台/月 精力：-2/台]', '0');
INSERT INTO `m_card` VALUES ('219', '8', 'C10企业投资-外贸公司', '0', '0', '-6', '10000', '0', '200000', '200000', '0', '0', 'BindCard', '0', null, '0', '2022-10-10 14:35:21', '1', '3', '你可以选择投资一家小型外贸公司， 获得被动收入。可以自己做，也可以转让。[首期投资：☆200,000 资产成本：☆200,000 负债：☆0 被动收入：☆+10,000/月 精力：-6]', '0');
INSERT INTO `m_card` VALUES ('220', '8', 'C16企业投资-家庭旅馆', '0', '0', '-6', '15000', '0', '200000', '1100000', '900000', '0', 'BindCard', '0', null, '0', '2022-10-10 14:37:11', '1', '3', '你可以选择投资一家家庭旅馆， 获得被动收入。可以自己做，也可以转让。[首期投资：☆200,000 资产成本：☆1,100,000 负债：☆900,000 被动收入：☆+15,000/月 精力：-6]', '0');
INSERT INTO `m_card` VALUES ('221', '8', 'C29企业投资-美容院', '0', '0', '-15', '50000', '0', '1000000', '7000000', '6000000', '1', 'BindCard', '0', null, '0', '2022-10-10 14:39:30', '1', '3', '你可以选择投资一家拥有3家分店的美容院， 获得被动收入。可以自己做，也可以转让。[首期投资：☆1,000,000 资产成本：☆7,000,000 负债：☆6,000,000 被动收入：☆+50,000/月 精力：-15]', '0');
INSERT INTO `m_card` VALUES ('222', '8', 'C28企业投资-火锅店', '0', '0', '-5', '10000', '0', '200000', '500000', '300000', '0', 'BindCard', '0', null, '0', '2022-10-10 14:41:14', '1', '3', '你可以选择投资一家连锁品牌火锅店， 获得被动收入。可以自己做，也可以转让。[首期投资：☆200,000 资产成本：☆500,000 负债：☆300,000 被动收入：☆+10,000/月 精力：-5]', '0');
INSERT INTO `m_card` VALUES ('223', '8', 'C14企业投资-时尚饮品店铺', '0', '0', '-3', '2500', '0', '50000', '50000', '0', '0', 'BindCard', '0', null, '0', '2022-10-10 14:43:38', '1', '3', '你可以选择投资加盟一家时尚饮品店铺， 获得被动收入。可以自己做，也可以转让。[首期投资：☆50,000 资产成本：☆50,000 负债：☆0 被动收入：☆+2,500/月 精力：-3]', '0');
INSERT INTO `m_card` VALUES ('224', '8', 'C09企业投资-寿司店', '0', '0', '-3', '3000', '0', '50000', '50000', '0', '0', 'BindCard', '0', null, '0', '2022-10-10 14:45:18', '1', '3', '你可以选择投资一家寿司店， 获得被动收入。可以自己做，也可以转让。[首期投资：☆50,000 资产成本：☆50,000 负债：☆0 被动收入：☆+3,000/月 精力：-3]', '0');
INSERT INTO `m_card` VALUES ('225', '8', 'C04企业投资-连锁幼儿园', '0', '0', '-4', '5000', '0', '100000', '200000', '100000', '0', 'BindCard', '0', null, '0', '2022-10-10 14:47:11', '1', '3', '你可以选择投资加盟一家连锁幼儿园， 获得被动收入。可以自己做，也可以转让。[首期投资：☆100,000 资产成本：☆200,000 负债：☆100,000 被动收入：☆+5,000/月 精力：-4]', '0');
INSERT INTO `m_card` VALUES ('226', '8', 'C01企业投资-自助抓娃娃机', '0', '0', '-2', '1500', '0', '30000', '30000', '0', '0', 'BindCard', '0', null, '0', '2022-10-10 14:50:12', '1', '3', '你可以选择投资自助抓娃娃机， 获得被动收入。可以自己做，也可以转让。[首期投资：☆30,000/台 （最多可投资3台） 资产成本：☆30,000/台 负债：☆0 被动收入：☆+1,500/台/月 精力：-2/台]', '0');
INSERT INTO `m_card` VALUES ('227', '8', 'C11企业投资-培训机构', '0', '0', '-3', '2500', '0', '50000', '50000', '0', '0', 'BindCard', '0', null, '0', '2022-10-10 14:51:51', '1', '3', '你可以选择投资一家培训机构， 获得被动收入。可以自己做，也可以转让。[首期投资：☆50,000 资产成本：☆50,000 负债：☆0 被动收入：☆+2,500/月 精力：-3]', '0');
INSERT INTO `m_card` VALUES ('228', '11', '互联网借贷平台-爆雷', '1', '1', '0', '0', '0', '0', '0', '0', '0', 'WebDown', '1', '119', '0', '2022-10-11 09:37:15', '1', '0', '由于平台违规操作， 私自挪用资金， 导致无法兑付到期资金而爆雷。 [拥有WY01投资的玩家，血本无归， 并将WY01从财富报表中划去。]', '0');
INSERT INTO `m_card` VALUES ('229', '11', '互联网借贷平台-业绩提升', '1', '1', '0', '200', '0', '0', '0', '0', '0', 'WebUp', '1', '119', '0', '2022-10-11 09:44:33', '1', '0', '由于平台投资项目运营良好，投资人获得丰厚回报，收益增加。 [被动收入：+200/月/份 所有拥有WY01投资的玩家]', '0');
INSERT INTO `m_card` VALUES ('230', '11', '房产行情', '1', '1', '0', '0', '0', '0', '0', '0', '0', 'HouseMarket', '2', '{\"100\":\"600000\",\"102\":\"600000\",\"30\":\"750000\",\"61\":\"700000\",\"62\":\"750000\",\"66\":\"750000\",\"71\":\"600000\",\"83\":\"700000\",\"86\":\"750000\",\"92\":\"700000\",\"97\":\"600000\"}', '1', '2022-10-11 09:49:28', '1', '0', '房产户型 市场购买价格/套\\1-1-1 ☆ 600,000\\2-1-1 ☆ 700,000\\3-2-1 ☆ 750,000[市场现在需要购买以上户型的房产。 所有玩家都可以参与出售。 玩家收益=市场购买价格-房产抵押贷款]', '0');
INSERT INTO `m_card` VALUES ('231', '11', '房产行情', '1', '1', '0', '0', '0', '0', '0', '0', '0', 'HouseMarket', '2', '{\"\":\"\",\"105\":\"800000\",\"28\":\"1600000\",\"64\":\"3500000\",\"69\":\"1600000\",\"75\":\"800000\",\"88\":\"500000\",\"94\":\"500000\",\"98\":\"500000\"}', '1', '2022-10-11 09:55:32', '1', '0', '房产户型 市场购买价格/套\\2-0 ☆ 500,000\\4-0 ☆ 800000\\8-0 ☆ 1600000\\12-0 ☆ 1600000\\12-0 ☆ 3500000[市场现在需要购买以上户型的房产。 所有玩家都可以参与出售。 玩家收益=市场购买价格-房产抵押贷款]', '0');
INSERT INTO `m_card` VALUES ('232', '11', '房产行情', '1', '1', '0', '0', '0', '0', '0', '0', '0', 'HouseMarket', '2', '{\"105\":\"1200000\",\"28\":\"2500000\",\"64\":\"5500000\",\"69\":\"2400000\",\"75\":\"1200000\",\"88\":\"750000\",\"94\":\"750000\",\"98\":\"750000\"}', '1', '2022-10-11 10:04:20', '1', '0', '房产户型 市场购买价格/套\\2-0 ☆ 750000\\4-0 ☆ 1200000\\8-0 ☆ 2400000\\12-0 ☆ 2500000\\12-0 ☆ 5500000[市场现在需要购买以上户型的房产。 所有玩家都可以参与出售。 玩家收益=市场购买价格-房产抵押贷款]', '0');
INSERT INTO `m_card` VALUES ('233', '11', '房产行情', '1', '1', '0', '0', '0', '0', '0', '0', '0', 'HouseMarket', '2', '{\"105\":\"1400000\",\"28\":\"1000000\",\"64\":\"4000000\",\"69\":\"2000000\",\"75\":\"1400000\",\"88\":\"600000\",\"94\":\"600000\",\"98\":\"600000\"}', '1', '2022-10-11 10:07:15', '1', '0', '房产户型 市场购买价格/套\\2-0 ☆ 600000\\4-0 ☆ 1400000\\8-0 ☆ 2000000\\12-0 ☆ 1000000\\12-0 ☆ 4000000[市场现在需要购买以上户型的房产。 所有玩家都可以参与出售。 玩家收益=市场购买价格-房产抵押贷款]', '0');
INSERT INTO `m_card` VALUES ('234', '11', '房产行情', '1', '1', '0', '0', '0', '0', '0', '0', '0', 'HouseMarket', '2', '{\"100\":\"450000\",\"102\":\"450000\",\"30\":\"700000\",\"61\":\"600000\",\"62\":\"700000\",\"66\":\"700000\",\"71\":\"450000\",\"83\":\"600000\",\"86\":\"700000\",\"92\":\"600000\",\"97\":\"450000\"}', '1', '2022-10-11 10:10:00', '1', '0', '房产户型 市场购买价格/套\\1-1-1 ☆ 450,000\\2-1-1 ☆ 600,000\\3-2-1 ☆ 700,000[市场现在需要购买以上户型的房产。 所有玩家都可以参与出售。 玩家收益=市场购买价格-房产抵押贷款]', '0');
INSERT INTO `m_card` VALUES ('235', '11', '房产行情', '1', '1', '0', '0', '0', '0', '0', '0', '0', 'HouseMarket', '2', '{\"100\":\"450000\",\"102\":\"450000\",\"30\":\"600000\",\"61\":\"450000\",\"62\":\"600000\",\"66\":\"600000\",\"71\":\"450000\",\"83\":\"450000\",\"86\":\"600000\",\"92\":\"450000\",\"97\":\"450000\"}', '1', '2022-10-11 10:14:41', '1', '0', '房产户型 市场购买价格/套\\1-1-1 ☆ 450,000\\2-1-1 ☆ 450,000\\3-2-1 ☆ 600,000[市场现在需要购买以上户型的房产。 所有玩家都可以参与出售。 玩家收益=市场购买价格-房产抵押贷款]', '0');
INSERT INTO `m_card` VALUES ('236', '11', '租房行情', '1', '1', '0', '0', '0', '0', '0', '0', '0', 'RentMarket', '2', '{\"100\":\"500\",\"102\":\"500\",\"30\":\"-500\",\"61\":\"800\",\"62\":\"-500\",\"66\":\"-500\",\"71\":\"500\",\"83\":\"800\",\"86\":\"-500\",\"92\":\"800\",\"97\":\"500\"}', '1', '2022-10-11 10:19:16', '1', '0', '租房行情 租金/套/月\\1-1-1 ☆ +500\\2-1-1 ☆ +800\\3-2-1 ☆ -500[随着租房市场的变化，不同户型的出租性房产，租金收益也出现了相应的浮动。如果你拥有上述可以用于出租的房产，则租金收益做相应的调整。]', '0');
INSERT INTO `m_card` VALUES ('237', '11', '股票行情', '1', '1', '0', '0', '0', '0', '0', '0', '0', 'StockMarket', '2', '{\"107\":\"40\",\"108\":\"40\",\"109\":\"20\",\"110\":\"10\",\"111\":\"10\",\"112\":\"20\",\"113\":\"10\",\"114\":\"40\",\"115\":\"10\",\"29\":\"40\",\"31\":\"20\",\"32\":\"20\"}', '1', '2022-10-11 10:25:32', '1', '0', '名称代码 最新价格\\Y09药业公司 ☆ 20\\H01娱乐公司 ☆ 10\\K01科技公司 ☆ 40 [所有拥有股票的玩家均可出售（不消耗精力）]', '0');
INSERT INTO `m_card` VALUES ('238', '11', '股票行情', '1', '1', '0', '0', '0', '0', '0', '0', '0', 'StockMarket', '2', '{\"107\":\"10\",\"108\":\"10\",\"109\":\"30\",\"110\":\"5\",\"111\":\"5\",\"112\":\"30\",\"113\":\"5\",\"114\":\"10\",\"115\":\"5\",\"29\":\"5\",\"31\":\"30\",\"32\":\"30\"}', '1', '2022-10-11 10:26:43', '1', '0', '名称代码 最新价格\\Y09药业公司 ☆ 30\\H01娱乐公司 ☆ 5\\K01科技公司 ☆ 10 [所有拥有股票的玩家均可出售（不消耗精力）]', '0');
INSERT INTO `m_card` VALUES ('239', '11', '股票行情', '1', '1', '0', '0', '0', '0', '0', '0', '0', 'StockMarket', '2', '{\"107\":\"15\",\"108\":\"15\",\"109\":\"40\",\"110\":\"20\",\"111\":\"20\",\"112\":\"40\",\"113\":\"20\",\"114\":\"15\",\"115\":\"20\",\"29\":\"20\",\"31\":\"40\",\"32\":\"40\"}', '0', '2022-10-11 10:27:53', '1', '0', '名称代码 最新价格\\Y09药业公司 ☆ 40\\H01娱乐公司 ☆ 20\\K01科技公司 ☆ 15 [所有拥有股票的玩家均可出售（不消耗精力）]', '0');
INSERT INTO `m_card` VALUES ('240', '11', '股票行情', '1', '1', '0', '0', '0', '0', '0', '0', '0', 'StockMarket', '2', '{\"107\":\"10\",\"108\":\"10\",\"109\":\"15\",\"110\":\"40\",\"111\":\"40\",\"112\":\"15\",\"113\":\"40\",\"114\":\"10\",\"115\":\"40\",\"29\":\"40\",\"31\":\"15\",\"32\":\"15\"}', '0', '2022-10-11 10:29:27', '1', '0', '名称代码 最新价格\\Y09药业公司 ☆ 15\\H01娱乐公司 ☆ 40\\K01科技公司 ☆ 10 [所有拥有股票的玩家均可出售（不消耗精力）]', '0');
INSERT INTO `m_card` VALUES ('241', '11', '股票行情', '1', '1', '0', '0', '0', '0', '0', '0', '0', 'StockMarket', '2', '{\"107\":\"5\",\"108\":\"5\",\"109\":\"5\",\"110\":\"10\",\"111\":\"10\",\"112\":\"5\",\"113\":\"10\",\"114\":\"5\",\"115\":\"10\",\"29\":\"5\",\"31\":\"5\",\"32\":\"5\"}', '1', '2022-10-11 10:30:47', '1', '0', '名称代码 最新价格\\Y09药业公司 ☆ 5\\H01娱乐公司 ☆ 10\\K01科技公司 ☆ 5 [所有拥有股票的玩家均可出售（不消耗精力）]', '0');
INSERT INTO `m_card` VALUES ('242', '11', '股票行情', '1', '1', '0', '0', '0', '0', '0', '0', '0', 'StockMarket', '2', '{\"107\":\"15\",\"108\":\"15\",\"109\":\"5\",\"110\":\"30\",\"111\":\"30\",\"112\":\"5\",\"113\":\"30\",\"114\":\"15\",\"115\":\"30\",\"29\":\"15\",\"31\":\"5\",\"32\":\"5\"}', '1', '2022-10-11 10:31:42', '1', '0', '名称代码 最新价格\\Y09药业公司 ☆ 5\\H01娱乐公司 ☆ 30\\K01科技公司 ☆ 15 [所有拥有股票的玩家均可出售（不消耗精力）]', '0');
INSERT INTO `m_card` VALUES ('243', '7', '团体逆流/公司裁员', '1', '1', '0', '0', '0', '0', '0', '0', '1', 'BindCard', '0', null, '0', '2022-10-11 10:57:16', '1', '9', '贸易战引发经济危机，导致许多公司为了缩减成本，大量裁员，所有人都要面临被公司辞退的风险。 [除了在顺流层的玩家以外的所有人都要掷1粒骰子，点数>3则幸免；点数≤3则失业，失业获得6点精力。]', '0');
INSERT INTO `m_card` VALUES ('244', '11', '股市黑天鹅/黑天鹅', '1', '1', '0', '0', '0', '0', '0', '0', '0', 'StockBlackSwan', '0', null, '0', '2022-10-11 11:22:07', '1', '0', '所有拥有股票的玩家，股数减半（不用支付现金、股票总成本不变)此时不能交易。 [股票代码：所有股票每两股并成一股]', '0');
INSERT INTO `m_card` VALUES ('245', '11', '牛市来袭', '1', '1', '0', '0', '0', '0', '0', '0', '0', 'BindCard', '0', null, '1', '2022-10-11 11:38:05', '1', '0', '所有股票都可以以原价的3倍出售。 [所有玩家都可以参与]', '0');
INSERT INTO `m_card` VALUES ('246', '7', '团体逆流/中介跑路', '1', '0', '-1', '0', '0', '0', '-10000', '0', '0', 'BindCard', '0', null, '0', '2022-10-11 13:38:03', '1', '0', '租房中介平台资金链断裂，没有给房东按时付款，凡是租房的玩家都披赶出出租屋，花费精力寻找新的住所。花费了很多精力，平台没有退钱，还损失了一笔金钱。 [现金损失：10,000精力：-1如果你聘请了法务顾问，将不受此影响，由律师出面解决。]', '0');
INSERT INTO `m_card` VALUES ('247', '7', '个人逆流', '1', '0', '0', '0', '1000', '0', '0', '60000', '0', 'BindCard', '0', null, '0', '2022-10-11 14:08:10', '1', '9', '通过银行贷款购买一辆新车作为代步工具。有购车贷款的玩家不用执行。[购车贷款：60,000 购车货款支出：+1,000/月]', '0');
INSERT INTO `m_card` VALUES ('248', '7', '团体逆流/房租上涨', '1', '1', '0', '0', '1000', '0', '0', '0', '0', 'BindCard', '0', null, '0', '2022-10-11 14:29:57', '1', '9', '通货膨胀导致物价上张，房租也随之上张，所有租房的玩家，房租支出增加。无住房抵押货款则执行此逆流。 [房租支出：＋1,000/月]', '0');
INSERT INTO `m_card` VALUES ('249', '7', '个人逆流', '1', '0', '-1', '0', '0', '0', '-5000', '0', '0', 'BindCard', '0', null, '0', '2022-10-11 15:19:41', '1', '9', '租客私自接通煤气管引发火灾。保险公司赔偿了大部分的费用。你仍将支付一笔费用来修整房园。 [现金损失：5,000 精力：-1]', '0');
INSERT INTO `m_card` VALUES ('250', '7', '团体逆流/病毒传染', '1', '1', '-1', '0', '10000', '0', '0', '0', '0', 'BindCard', '0', null, '0', '2022-10-11 15:29:40', '1', '9', '由病毒性感冒引发肺炎，所有人都要掷1粒骰子，点数≤3需要入院治疗，并支付住院治疗费用。有投资健康的玩家可以掷2粒。（大病医疗保险无法使用） [住院治疗费用支出：10,000 精力：-1] ', '0');
INSERT INTO `m_card` VALUES ('251', '12', '团体觉察/财务顾问', '0', '1', '1', '0', '0', '0', '8000', '0', '0', 'BindCard', '0', null, '0', '2022-10-20 16:48:01', '1', '4', '你意识到 “收入治百病，财务要人命”，开始聘请财务顾问为你打理财务。自愿选择是否聘请。 [顾问费：8,000 精力：+1 在后续的税务稽查环节免于处罚。]', '0');

-- ----------------------------
-- Table structure for m_card_category
-- ----------------------------
DROP TABLE IF EXISTS `m_card_category`;
CREATE TABLE `m_card_category` (
  `id` int unsigned NOT NULL AUTO_INCREMENT COMMENT '卡类型表主键id',
  `category_name` varchar(255) NOT NULL COMMENT '卡类型名称',
  `price` int NOT NULL DEFAULT '0' COMMENT '开卡时需要支付的金额',
  `create_time` timestamp NOT NULL DEFAULT CURRENT_TIMESTAMP COMMENT '创建时间',
  PRIMARY KEY (`id`)
) ENGINE=InnoDB AUTO_INCREMENT=13 DEFAULT CHARSET=utf8mb3;

-- ----------------------------
-- Records of m_card_category
-- ----------------------------
INSERT INTO `m_card_category` VALUES ('4', '副业', '200', '2022-09-04 18:19:18');
INSERT INTO `m_card_category` VALUES ('5', '金融', '200', '2022-09-04 18:50:50');
INSERT INTO `m_card_category` VALUES ('6', '房地产', '500', '2022-09-13 10:39:16');
INSERT INTO `m_card_category` VALUES ('7', '逆流', '0', '2022-09-15 01:56:44');
INSERT INTO `m_card_category` VALUES ('8', '企业', '500', '2022-09-16 15:35:53');
INSERT INTO `m_card_category` VALUES ('9', '相亲卡', '0', '2022-09-16 16:02:34');
INSERT INTO `m_card_category` VALUES ('10', '项目', '0', '2022-09-16 16:02:43');
INSERT INTO `m_card_category` VALUES ('11', '行情', '0', '2022-09-16 16:02:49');
INSERT INTO `m_card_category` VALUES ('12', '觉察', '0', '2022-09-16 16:03:26');

-- ----------------------------
-- Table structure for m_dream
-- ----------------------------
DROP TABLE IF EXISTS `m_dream`;
CREATE TABLE `m_dream` (
  `id` int unsigned NOT NULL AUTO_INCREMENT COMMENT '梦想表主键id',
  `dream_name` varchar(255) NOT NULL COMMENT '梦想名',
  `dream_cost` int NOT NULL COMMENT '梦想花费',
  `dream_energy` int NOT NULL COMMENT '所需精力',
  `create_time` datetime DEFAULT CURRENT_TIMESTAMP COMMENT '创建时间',
  PRIMARY KEY (`id`)
) ENGINE=InnoDB AUTO_INCREMENT=15 DEFAULT CHARSET=utf8mb3;

-- ----------------------------
-- Records of m_dream
-- ----------------------------
INSERT INTO `m_dream` VALUES ('1', '将另一半经营成灵魂伴侣', '1000000', '120', '2022-10-09 09:24:34');
INSERT INTO `m_dream` VALUES ('2', '开一家有情调的咖啡馆', '5000000', '50', '2022-10-13 11:27:26');
INSERT INTO `m_dream` VALUES ('3', '探索外太空', '100000000', '100', '2022-10-13 11:27:45');
INSERT INTO `m_dream` VALUES ('4', '创办一间博物馆', '500000', '50', '2022-10-13 11:28:12');
INSERT INTO `m_dream` VALUES ('5', '将你的孩子培养成富而喜悦的生命', '100000', '100', '2022-10-13 11:29:04');
INSERT INTO `m_dream` VALUES ('6', '联合创建富而喜悦的庄园', '10000000', '30', '2022-10-13 11:29:31');
INSERT INTO `m_dream` VALUES ('7', '请明星一起拍自传电影', '10000000', '30', '2022-10-13 11:29:55');
INSERT INTO `m_dream` VALUES ('8', '与你喜欢的明星共进晚餐', '5000000', '20', '2022-10-13 11:30:24');
INSERT INTO `m_dream` VALUES ('9', '买一座私人海岛', '10000000', '50', '2022-10-13 11:30:50');
INSERT INTO `m_dream` VALUES ('10', '环球旅行', '1000000', '30', '2022-10-13 11:31:14');
INSERT INTO `m_dream` VALUES ('11', '成为世界级的畅销书作家', '0', '120', '2022-10-13 11:31:34');
INSERT INTO `m_dream` VALUES ('12', '联合影响10亿人富而喜悦', '200000', '50', '2022-10-13 11:32:38');
INSERT INTO `m_dream` VALUES ('13', '创办一本有影响力的杂志', '30000000', '40', '2022-10-13 11:33:05');
INSERT INTO `m_dream` VALUES ('14', '举办万人演讲会', '5000000', '40', '2022-10-13 11:33:28');

-- ----------------------------
-- Table structure for m_dynamic_value
-- ----------------------------
DROP TABLE IF EXISTS `m_dynamic_value`;
CREATE TABLE `m_dynamic_value` (
  `id` int unsigned NOT NULL AUTO_INCREMENT COMMENT '动态收入表主键id',
  `game_id` int unsigned NOT NULL COMMENT '关联游戏表主键id',
  `user_id` int unsigned NOT NULL COMMENT '关联游戏用户表主键id',
  `card_id` int unsigned NOT NULL COMMENT '关联card表主键id',
  `card_name` varchar(255) NOT NULL COMMENT '卡名称',
  `num` int NOT NULL DEFAULT '1' COMMENT '资产数(股票为持股数,房产为首付)',
  `value` int NOT NULL DEFAULT '0' COMMENT '值',
  `batch` int unsigned NOT NULL DEFAULT '0' COMMENT '批次(第几轮)',
  `type` tinyint unsigned NOT NULL DEFAULT '1' COMMENT '类型(1:收入,2:支出,3:资产,4:负债)',
  `create_time` timestamp NOT NULL DEFAULT CURRENT_TIMESTAMP COMMENT '创建时间',
  `card_status` int NOT NULL COMMENT '卡的拥有状态(1:拥有卡牌,0:失去卡牌)',
  `class` tinyint NOT NULL DEFAULT '0' COMMENT '卡的类别(0:无类别,1:房产,2:股票,3:企业投资,4:觉察投资,5:副业,6:理财产品,7:银行贷款,8:相亲卡,9:逆流卡,10:慈善,11:项目,12:资产信托)',
  `parent_id` int unsigned NOT NULL DEFAULT '0' COMMENT '卖时记录的关联id',
  `energy` int NOT NULL DEFAULT '0' COMMENT '精力变化',
  PRIMARY KEY (`id`)
) ENGINE=InnoDB AUTO_INCREMENT=42 DEFAULT CHARSET=utf8mb3;

-- ----------------------------
-- Records of m_dynamic_value
-- ----------------------------
INSERT INTO `m_dynamic_value` VALUES ('1', '2', '4', '0', '抽卡扣费', '1', '-200', '1', '3', '2022-10-19 17:02:54', '1', '0', '0', '0');
INSERT INTO `m_dynamic_value` VALUES ('2', '2', '4', '0', '抽卡扣费', '1', '-200', '1', '3', '2022-10-19 17:03:08', '1', '0', '0', '0');
INSERT INTO `m_dynamic_value` VALUES ('3', '2', '4', '16', 'P10副业-外卖骑手', '1', '4000', '1', '1', '2022-10-19 17:03:13', '1', '5', '0', '-4');
INSERT INTO `m_dynamic_value` VALUES ('4', '2', '4', '16', 'P10副业-外卖骑手', '1', '-4000', '1', '3', '2022-10-19 17:03:13', '1', '5', '3', '0');
INSERT INTO `m_dynamic_value` VALUES ('5', '2', '4', '0', '抽卡扣费', '1', '-200', '1', '3', '2022-10-19 17:03:24', '1', '0', '0', '0');
INSERT INTO `m_dynamic_value` VALUES ('6', '2', '4', '0', '补充精力', '1', '0', '1', '3', '2022-10-19 17:03:36', '0', '0', '0', '2');
INSERT INTO `m_dynamic_value` VALUES ('7', '2', '4', '0', '补充精力', '1', '0', '1', '3', '2022-10-19 17:03:39', '0', '0', '0', '2');
INSERT INTO `m_dynamic_value` VALUES ('8', '2', '4', '24', 'P04副业-整理收纳师', '1', '2500', '1', '1', '2022-10-19 17:03:42', '1', '5', '0', '-3');
INSERT INTO `m_dynamic_value` VALUES ('9', '2', '4', '24', 'P04副业-整理收纳师', '1', '0', '1', '3', '2022-10-19 17:03:42', '1', '5', '8', '0');
INSERT INTO `m_dynamic_value` VALUES ('10', '3', '7', '0', '发现金', '1', '100', '1', '3', '2022-10-19 18:10:07', '1', '0', '0', '0');
INSERT INTO `m_dynamic_value` VALUES ('11', '6', '12', '0', '失业现金扣除一个月总支出', '1', '-7800', '1', '3', '2022-10-19 20:51:48', '1', '0', '0', '6');
INSERT INTO `m_dynamic_value` VALUES ('12', '6', '12', '0', '失业划去工资收入', '1', '-12000', '1', '1', '2022-10-19 20:51:48', '1', '0', '11', '0');
INSERT INTO `m_dynamic_value` VALUES ('13', '6', '12', '0', '失业划去税金', '1', '-300', '1', '2', '2022-10-19 20:51:48', '1', '0', '11', '0');
INSERT INTO `m_dynamic_value` VALUES ('14', '6', '12', '0', '找工作扣除精力', '1', '0', '1', '3', '2022-10-19 20:51:57', '1', '0', '0', '-2');
INSERT INTO `m_dynamic_value` VALUES ('15', '6', '12', '0', '找工作扣除精力', '1', '0', '1', '3', '2022-10-19 20:54:41', '1', '0', '0', '-2');
INSERT INTO `m_dynamic_value` VALUES ('16', '7', '13', '0', '发工资', '1', '2800', '1', '3', '2022-10-19 21:07:24', '1', '0', '0', '0');
INSERT INTO `m_dynamic_value` VALUES ('17', '7', '13', '0', '扣钱', '1', '888', '1', '3', '2022-10-19 21:07:32', '0', '0', '0', '0');
INSERT INTO `m_dynamic_value` VALUES ('18', '7', '13', '0', '做慈善', '1', '-600', '1', '3', '2022-10-19 21:08:15', '1', '10', '0', '0');
INSERT INTO `m_dynamic_value` VALUES ('19', '7', '13', '0', '生孩子', '1', '1000', '1', '2', '2022-10-19 21:08:21', '1', '0', '0', '-2');
INSERT INTO `m_dynamic_value` VALUES ('20', '9', '15', '0', '抽卡扣费', '1', '-200', '1', '3', '2022-10-19 22:00:58', '1', '0', '0', '0');
INSERT INTO `m_dynamic_value` VALUES ('21', '10', '16', '0', '抽卡扣费', '1', '-200', '1', '3', '2022-10-19 22:03:18', '1', '0', '0', '0');
INSERT INTO `m_dynamic_value` VALUES ('22', '10', '16', '0', '抽卡扣费', '1', '-200', '1', '3', '2022-10-19 22:03:38', '1', '0', '0', '0');
INSERT INTO `m_dynamic_value` VALUES ('23', '10', '16', '0', '抽卡扣费', '1', '-500', '1', '3', '2022-10-19 22:03:51', '1', '0', '0', '0');
INSERT INTO `m_dynamic_value` VALUES ('24', '10', '16', '0', '抽卡扣费', '1', '-500', '1', '3', '2022-10-19 22:03:56', '1', '0', '0', '0');
INSERT INTO `m_dynamic_value` VALUES ('25', '10', '16', '0', '抽卡扣费', '1', '-500', '1', '3', '2022-10-19 22:04:02', '1', '0', '0', '0');
INSERT INTO `m_dynamic_value` VALUES ('26', '10', '16', '128', '银行客户经理', '1', '9000', '1', '1', '2022-10-19 22:04:18', '1', '8', '0', '4');
INSERT INTO `m_dynamic_value` VALUES ('27', '10', '16', '128', '银行客户经理', '1', '3500', '1', '2', '2022-10-19 22:04:18', '1', '8', '26', '0');
INSERT INTO `m_dynamic_value` VALUES ('28', '10', '16', '170', '个人逆流', '1', '0', '1', '1', '2022-10-19 22:04:23', '1', '9', '0', '0');
INSERT INTO `m_dynamic_value` VALUES ('29', '10', '16', '170', '个人逆流', '1', '0', '1', '2', '2022-10-19 22:04:23', '1', '9', '28', '0');
INSERT INTO `m_dynamic_value` VALUES ('30', '10', '16', '170', '个人逆流', '1', '0', '1', '4', '2022-10-19 22:04:23', '1', '9', '28', '0');
INSERT INTO `m_dynamic_value` VALUES ('31', '10', '16', '170', '个人逆流', '1', '0', '1', '3', '2022-10-19 22:04:23', '1', '9', '28', '0');
INSERT INTO `m_dynamic_value` VALUES ('32', '10', '16', '133', '美发师', '1', '15000', '1', '1', '2022-10-19 22:04:52', '1', '8', '0', '3');
INSERT INTO `m_dynamic_value` VALUES ('33', '10', '16', '133', '美发师', '1', '8000', '1', '2', '2022-10-19 22:04:52', '1', '8', '32', '0');
INSERT INTO `m_dynamic_value` VALUES ('34', '10', '16', '124', '服装店经理', '1', '9000', '1', '1', '2022-10-19 22:05:02', '1', '8', '0', '3');
INSERT INTO `m_dynamic_value` VALUES ('35', '10', '16', '124', '服装店经理', '1', '4500', '1', '2', '2022-10-19 22:05:02', '1', '8', '34', '0');
INSERT INTO `m_dynamic_value` VALUES ('36', '10', '16', '0', '生孩子', '1', '2000', '1', '2', '2022-10-19 22:05:10', '1', '0', '0', '-2');
INSERT INTO `m_dynamic_value` VALUES ('37', '10', '16', '0', '生孩子', '1', '2000', '1', '2', '2022-10-19 22:05:12', '1', '0', '0', '-2');
INSERT INTO `m_dynamic_value` VALUES ('38', '10', '16', '0', '抽卡扣费', '1', '-200', '1', '3', '2022-10-19 22:05:20', '1', '0', '0', '0');
INSERT INTO `m_dynamic_value` VALUES ('39', '10', '16', '44', '个人觉察免费抽取行情卡', '1', '0', '1', '3', '2022-10-19 22:08:39', '1', '0', '0', '1');
INSERT INTO `m_dynamic_value` VALUES ('40', '10', '16', '122', '大病医疗保险/保险', '1', '1000', '1', '2', '2022-10-19 22:13:22', '1', '4', '0', '0');
INSERT INTO `m_dynamic_value` VALUES ('41', '10', '16', '122', '大病医疗保险/保险', '1', '0', '1', '3', '2022-10-19 22:13:22', '1', '4', '40', '0');

-- ----------------------------
-- Table structure for m_game
-- ----------------------------
DROP TABLE IF EXISTS `m_game`;
CREATE TABLE `m_game` (
  `id` int unsigned NOT NULL AUTO_INCREMENT COMMENT '游戏表主键id',
  `status` tinyint unsigned NOT NULL DEFAULT '0' COMMENT '游戏状态(0:进行中,1:已经完成)',
  `create_time` timestamp NOT NULL DEFAULT CURRENT_TIMESTAMP COMMENT '创建时间',
  `key` varchar(255) NOT NULL DEFAULT '' COMMENT '房间密钥',
  `banker_id` int DEFAULT NULL COMMENT '用户id(银行家)',
  PRIMARY KEY (`id`)
) ENGINE=InnoDB AUTO_INCREMENT=11 DEFAULT CHARSET=utf8mb3;

-- ----------------------------
-- Records of m_game
-- ----------------------------
INSERT INTO `m_game` VALUES ('1', '1', '2022-10-19 16:57:37', '2210199266', null);
INSERT INTO `m_game` VALUES ('2', '1', '2022-10-19 17:00:10', '2210194383', null);
INSERT INTO `m_game` VALUES ('3', '1', '2022-10-19 17:47:06', '2210191960', null);
INSERT INTO `m_game` VALUES ('4', '1', '2022-10-19 18:56:58', '2210199517', null);
INSERT INTO `m_game` VALUES ('5', '0', '2022-10-19 19:38:19', '2210194616', null);
INSERT INTO `m_game` VALUES ('6', '0', '2022-10-19 20:50:45', '2210196768', null);
INSERT INTO `m_game` VALUES ('7', '0', '2022-10-19 21:05:50', '2210196773', null);
INSERT INTO `m_game` VALUES ('8', '0', '2022-10-19 21:21:45', '2210196113', null);
INSERT INTO `m_game` VALUES ('9', '0', '2022-10-19 22:00:48', '2210190874', null);
INSERT INTO `m_game` VALUES ('10', '0', '2022-10-19 22:03:11', '2210194323', null);

-- ----------------------------
-- Table structure for m_game_user
-- ----------------------------
DROP TABLE IF EXISTS `m_game_user`;
CREATE TABLE `m_game_user` (
  `id` int unsigned NOT NULL AUTO_INCREMENT COMMENT '游戏角色表主键',
  `game_id` int unsigned NOT NULL COMMENT '关联游戏主键id',
  `username` varchar(255) NOT NULL COMMENT '玩家设定的名称',
  `role_id` int unsigned NOT NULL COMMENT '关联角色表主键',
  `role_name` varchar(255) NOT NULL COMMENT '沙盘角色名称',
  `in_salary` int NOT NULL DEFAULT '0' COMMENT '本人工资',
  `in_partner` int NOT NULL DEFAULT '0' COMMENT '配偶工资收入',
  `out_personal` int NOT NULL DEFAULT '0' COMMENT '个人支出（支出)',
  `out_child` int NOT NULL DEFAULT '0' COMMENT '孩子基础支出（支出)',
  `child_num` int NOT NULL DEFAULT '0' COMMENT '孩子个数',
  `out_partner` int NOT NULL DEFAULT '0' COMMENT '配偶基础支出（支出)',
  `out_tax` int NOT NULL DEFAULT '0' COMMENT '个人基础税金（支出)',
  `out_self_housing` int NOT NULL DEFAULT '0' COMMENT '自住基础房贷款支出（支出)',
  `out_rent` int NOT NULL DEFAULT '0' COMMENT '基础房租支出（支出)',
  `out_car_loan` int NOT NULL DEFAULT '0' COMMENT '基础购车贷款支出（支出)',
  `out_credit_card` int NOT NULL DEFAULT '0' COMMENT '基础信用卡支出（支出)',
  `out_additional_liabilities` int NOT NULL DEFAULT '0' COMMENT '基础额外负债支出（支出)',
  `out_healthy` int NOT NULL DEFAULT '0' COMMENT '健康支出(支出)',
  `out_insuraunce` int NOT NULL DEFAULT '0' COMMENT '保险支出(支出)',
  `out_bank_loan_interest` int NOT NULL DEFAULT '0' COMMENT '银行贷款利息支出(支出)',
  `debt_self_housing` int NOT NULL DEFAULT '0' COMMENT '自住房基础抵押贷款(负债)',
  `debt_car_loan` int NOT NULL DEFAULT '0' COMMENT '基础购车贷款(负债)',
  `debt_credit_card` int NOT NULL DEFAULT '0' COMMENT '基础信用卡负债(负债)',
  `debt_additional_liabilities` int NOT NULL DEFAULT '0' COMMENT '基础额外负债(负债)',
  `debt_home_mortgage` int NOT NULL DEFAULT '0' COMMENT '房产抵押贷款(负债)',
  `debt_company` int NOT NULL DEFAULT '0' COMMENT '企业负债(负债)',
  `debt_bank_loan` int NOT NULL DEFAULT '0' COMMENT '银行贷款-月息10%(负债)',
  `cash_on_hand` int NOT NULL DEFAULT '0' COMMENT '手头现金',
  `energy` int NOT NULL DEFAULT '0' COMMENT '基础精力',
  `basics_in` int NOT NULL DEFAULT '0' COMMENT '基础总收入',
  `passive_in` int NOT NULL DEFAULT '0' COMMENT '被动收入(金额+房地产+企业)',
  `basics_out` int NOT NULL DEFAULT '0' COMMENT '基础总支出',
  `additional_out` int NOT NULL DEFAULT '0' COMMENT '基础支出外的支出(例如:由现金流贷款的支出)',
  `cash_flow` int NOT NULL DEFAULT '0' COMMENT '月现金流',
  `is_unemploy` tinyint unsigned NOT NULL DEFAULT '0' COMMENT '是否失业(0:在业,1:失业）',
  `is_married` tinyint unsigned NOT NULL DEFAULT '0' COMMENT '是否已婚(0:未婚,1:已婚)',
  `married_num` int unsigned NOT NULL DEFAULT '0' COMMENT '结婚周年数',
  `is_rich_circle` tinyint unsigned NOT NULL DEFAULT '0' COMMENT '是否进入了顺流层',
  `venture_capital` int NOT NULL DEFAULT '0' COMMENT '风险投资',
  `trust_price` int NOT NULL DEFAULT '0' COMMENT '信托基金(以万为单位,起初500)',
  `rest_num` tinyint unsigned NOT NULL DEFAULT '0' COMMENT '精力休息次数(0<x<2)',
  `charity_count` int NOT NULL DEFAULT '0' COMMENT '慈善捐款累计数额',
  `create_time` timestamp NOT NULL DEFAULT CURRENT_TIMESTAMP COMMENT '创建时间',
  `websocket` text,
  `sort` int unsigned NOT NULL DEFAULT '1' COMMENT '排序(游戏玩家在游戏中的顺序)',
  `is_dead` tinyint unsigned NOT NULL DEFAULT '0' COMMENT '是否猝死(0:正常,1:猝死)',
  PRIMARY KEY (`id`)
) ENGINE=InnoDB AUTO_INCREMENT=17 DEFAULT CHARSET=utf8mb3;

-- ----------------------------
-- Records of m_game_user
-- ----------------------------
INSERT INTO `m_game_user` VALUES ('1', '1', '扭扭捏捏', '13', '医生', '20000', '0', '6000', '3000', '0', '0', '500', '5000', '0', '2000', '900', '100', '0', '0', '0', '500000', '100000', '30000', '20000', '0', '0', '0', '10000', '3', '20000', '0', '14500', '0', '5500', '0', '0', '0', '0', '0', '0', '0', '0', '2022-10-19 16:57:37', null, '1', '0');
INSERT INTO `m_game_user` VALUES ('2', '1', '牛牛牛牛牛', '6', '财务', '12000', '0', '2000', '3000', '0', '0', '300', '4000', '0', '800', '600', '100', '0', '0', '0', '400000', '40000', '20000', '20000', '0', '0', '0', '10000', '4', '12000', '0', '7800', '0', '4200', '0', '0', '0', '0', '0', '0', '0', '0', '2022-10-19 16:57:38', null, '2', '0');
INSERT INTO `m_game_user` VALUES ('3', '2', '扭扭捏捏', '5', 'IT工程师', '22000', '0', '5000', '4000', '0', '0', '500', '0', '6000', '3000', '1800', '300', '0', '0', '0', '0', '150000', '60000', '60000', '0', '0', '0', '5000', '3', '22000', '0', '16600', '0', '5400', '0', '0', '0', '0', '0', '0', '0', '0', '2022-10-19 17:00:10', null, '1', '0');
INSERT INTO `m_game_user` VALUES ('4', '2', '袅袅娜娜', '5', 'IT工程师', '22000', '0', '5000', '4000', '0', '0', '500', '0', '6000', '3000', '1800', '300', '0', '0', '0', '0', '150000', '60000', '60000', '0', '0', '0', '400', '0', '28500', '0', '16600', '0', '11900', '0', '0', '0', '0', '0', '0', '2', '0', '2022-10-19 17:00:10', null, '2', '0');
INSERT INTO `m_game_user` VALUES ('5', '2', '牛牛牛牛牛', '6', '财务', '12000', '0', '2000', '3000', '0', '0', '300', '4000', '0', '800', '600', '100', '0', '0', '0', '400000', '40000', '20000', '20000', '0', '0', '0', '10000', '4', '12000', '0', '7800', '0', '4200', '0', '0', '0', '0', '0', '0', '0', '0', '2022-10-19 17:00:10', null, '3', '0');
INSERT INTO `m_game_user` VALUES ('6', '2', '农机局', '15', '咨询师', '8000', '0', '2000', '2000', '0', '0', '100', '2000', '0', '0', '300', '200', '0', '0', '0', '200000', '0', '10000', '40000', '0', '0', '0', '10000', '4', '8000', '0', '4600', '0', '3400', '0', '0', '0', '0', '0', '0', '0', '0', '2022-10-19 17:00:10', null, '4', '0');
INSERT INTO `m_game_user` VALUES ('7', '3', '扭扭捏捏', '9', '客服', '6000', '0', '1000', '1000', '0', '0', '0', '0', '1500', '0', '600', '100', '0', '0', '0', '0', '0', '20000', '20000', '0', '0', '0', '10100', '5', '6000', '0', '3200', '0', '2800', '0', '0', '0', '0', '0', '0', '0', '0', '2022-10-19 17:47:06', null, '1', '0');
INSERT INTO `m_game_user` VALUES ('8', '3', '牛牛牛牛牛', '14', '中学教师', '8000', '0', '2000', '2000', '0', '0', '100', '2000', '0', '1000', '300', '100', '0', '0', '0', '200000', '50000', '10000', '20000', '0', '0', '0', '10000', '4', '8000', '0', '5500', '0', '2500', '0', '0', '0', '0', '0', '0', '0', '0', '2022-10-19 17:47:06', null, '2', '0');
INSERT INTO `m_game_user` VALUES ('9', '4', '扭扭捏捏', '15', '咨询师', '8000', '0', '2000', '2000', '0', '0', '100', '2000', '0', '0', '300', '200', '0', '0', '0', '200000', '0', '10000', '40000', '0', '0', '0', '10000', '4', '8000', '0', '4600', '0', '3400', '0', '0', '0', '0', '0', '0', '0', '0', '2022-10-19 18:56:58', null, '1', '0');
INSERT INTO `m_game_user` VALUES ('10', '4', '牛牛牛牛牛', '6', '财务', '12000', '0', '2000', '3000', '0', '0', '300', '4000', '0', '800', '600', '100', '0', '0', '0', '400000', '40000', '20000', '20000', '0', '0', '0', '10000', '4', '12000', '0', '7800', '0', '4200', '0', '0', '0', '0', '0', '0', '0', '0', '2022-10-19 18:56:58', null, '2', '0');
INSERT INTO `m_game_user` VALUES ('11', '5', '扭扭捏捏', '5', 'IT工程师', '22000', '0', '5000', '4000', '0', '0', '500', '0', '6000', '3000', '1800', '300', '0', '0', '0', '0', '150000', '60000', '60000', '0', '0', '0', '5000', '3', '22000', '0', '16600', '0', '5400', '0', '0', '0', '0', '0', '0', '0', '0', '2022-10-19 19:38:19', null, '1', '0');
INSERT INTO `m_game_user` VALUES ('12', '6', '扭扭捏捏', '6', '财务', '0', '0', '2000', '3000', '0', '0', '0', '4000', '0', '800', '600', '100', '0', '0', '0', '400000', '40000', '20000', '20000', '0', '0', '0', '2200', '6', '0', '0', '7500', '0', '-7500', '1', '0', '0', '0', '0', '0', '0', '0', '2022-10-19 20:50:45', null, '1', '0');
INSERT INTO `m_game_user` VALUES ('13', '7', '扭扭捏捏', '9', '客服', '6000', '0', '1000', '1000', '1', '0', '0', '0', '1500', '0', '600', '100', '0', '0', '0', '0', '0', '20000', '20000', '0', '0', '0', '11312', '3', '6000', '0', '4200', '0', '1800', '0', '0', '0', '0', '0', '0', '0', '600', '2022-10-19 21:05:50', null, '1', '0');
INSERT INTO `m_game_user` VALUES ('14', '8', '扭扭捏捏', '10', '律师', '15000', '0', '3000', '3000', '0', '0', '300', '4500', '0', '2000', '300', '100', '0', '0', '0', '450000', '100000', '10000', '20000', '0', '0', '0', '10000', '3', '15000', '0', '10200', '0', '4800', '0', '0', '0', '0', '0', '0', '0', '0', '2022-10-19 21:21:45', null, '1', '0');
INSERT INTO `m_game_user` VALUES ('15', '9', '扭扭捏捏', '14', '中学教师', '8000', '0', '2000', '2000', '0', '0', '100', '2000', '0', '1000', '300', '100', '0', '0', '0', '200000', '50000', '10000', '20000', '0', '0', '0', '9800', '4', '8000', '0', '5500', '0', '2500', '0', '0', '0', '0', '0', '0', '0', '0', '2022-10-19 22:00:48', null, '1', '0');
INSERT INTO `m_game_user` VALUES ('16', '10', '扭扭捏捏', '14', '中学教师', '8000', '9000', '2000', '2000', '2', '4500', '100', '2000', '0', '0', '300', '100', '1000', '0', '0', '200000', '0', '10000', '20000', '0', '0', '0', '7900', '9', '41000', '0', '26500', '0', '14500', '0', '1', '0', '0', '0', '0', '0', '0', '2022-10-19 22:03:11', null, '1', '0');

-- ----------------------------
-- Table structure for m_method
-- ----------------------------
DROP TABLE IF EXISTS `m_method`;
CREATE TABLE `m_method` (
  `id` int unsigned NOT NULL AUTO_INCREMENT COMMENT '方法表主键id',
  `method_name` varchar(255) NOT NULL COMMENT '方法名称',
  `method` varchar(255) NOT NULL COMMENT '方法体',
  `create_time` timestamp NOT NULL DEFAULT CURRENT_TIMESTAMP COMMENT '创建时间',
  `status` tinyint unsigned NOT NULL DEFAULT '1' COMMENT '状态(0:禁用,1:启用)',
  PRIMARY KEY (`id`)
) ENGINE=InnoDB AUTO_INCREMENT=34 DEFAULT CHARSET=utf8mb3 COMMENT='后端方法记录表';

-- ----------------------------
-- Records of m_method
-- ----------------------------
INSERT INTO `m_method` VALUES ('6', '单次绑定卡牌', 'BindCard', '2022-09-01 23:07:59', '1');
INSERT INTO `m_method` VALUES ('7', '失去股票', 'LoseStock', '2022-09-16 10:39:51', '1');
INSERT INTO `m_method` VALUES ('9', '增加生活支出(百分比%)', 'AddLiveOut', '2022-09-16 16:02:39', '1');
INSERT INTO `m_method` VALUES ('10', '失去副业', 'LosePartTime', '2022-09-16 17:33:43', '1');
INSERT INTO `m_method` VALUES ('11', '失业(可打官司)', 'LoseJobWithLitigate', '2022-09-27 14:51:26', '1');
INSERT INTO `m_method` VALUES ('12', '免费抽一张卡', 'RedrawCardFree', '2022-09-27 16:09:21', '1');
INSERT INTO `m_method` VALUES ('13', '购买一张送给另一位玩家', 'RedrawCardOther', '2022-09-27 16:09:36', '1');
INSERT INTO `m_method` VALUES ('14', '卖出理财产品', 'SellFinance', '2022-09-28 14:12:11', '1');
INSERT INTO `m_method` VALUES ('15', '免费抽取行情卡', 'RedrawMarketCardFree', '2022-09-29 10:07:43', '1');
INSERT INTO `m_method` VALUES ('16', '免费抽取机会卡', 'RedrawChanceCardFree', '2022-09-29 10:12:18', '1');
INSERT INTO `m_method` VALUES ('17', '免费加精力', 'FreeEnergy', '2022-09-29 11:26:04', '1');
INSERT INTO `m_method` VALUES ('18', '赠送相亲卡给其他玩家', 'DateCardToOther', '2022-09-29 11:53:55', '1');
INSERT INTO `m_method` VALUES ('19', '健康投资', 'HealthInvestment', '2022-09-29 15:12:39', '1');
INSERT INTO `m_method` VALUES ('20', '已婚玩家增加精力', 'MarriedAddEnergy', '2022-09-29 16:40:29', '1');
INSERT INTO `m_method` VALUES ('21', '房产行情', 'HouseMarket', '2022-09-30 14:37:07', '1');
INSERT INTO `m_method` VALUES ('22', '房屋拆迁', 'HouseDemolition', '2022-09-30 14:37:44', '1');
INSERT INTO `m_method` VALUES ('23', '股票行情', 'StockMarket', '2022-09-30 14:38:30', '1');
INSERT INTO `m_method` VALUES ('24', '股市黑天鹅', 'StockBlackSwan', '2022-09-30 14:39:17', '1');
INSERT INTO `m_method` VALUES ('25', '基金行情', 'FundMarket', '2022-09-30 14:40:14', '1');
INSERT INTO `m_method` VALUES ('26', '贷款利息下降', 'InterstDown', '2022-09-30 14:40:57', '1');
INSERT INTO `m_method` VALUES ('27', '互联网爆雷', 'WebDown', '2022-09-30 14:41:42', '1');
INSERT INTO `m_method` VALUES ('28', '互联网业绩提升', 'WebUp', '2022-09-30 14:41:57', '1');
INSERT INTO `m_method` VALUES ('29', '租房行情', 'RentMarket', '2022-09-30 14:42:34', '1');
INSERT INTO `m_method` VALUES ('31', '牛市来袭', 'BullMarket', '2022-09-30 14:43:23', '1');
INSERT INTO `m_method` VALUES ('32', '出售房产', 'SellHouse', '2022-10-08 09:31:57', '1');
INSERT INTO `m_method` VALUES ('33', '仅展示，无后台处理', 'JustShow', '2022-10-11 10:54:44', '1');

-- ----------------------------
-- Table structure for m_role
-- ----------------------------
DROP TABLE IF EXISTS `m_role`;
CREATE TABLE `m_role` (
  `id` int unsigned NOT NULL AUTO_INCREMENT COMMENT '角色表主键id',
  `role_name` varchar(255) NOT NULL COMMENT '沙盘角色名称',
  `in_salary` int NOT NULL DEFAULT '0' COMMENT '本人基础工资（收入）',
  `out_personal` int NOT NULL DEFAULT '0' COMMENT '个人支出（支出)',
  `out_child` int NOT NULL DEFAULT '0' COMMENT '孩子基础支出（支出)',
  `out_partner` int NOT NULL DEFAULT '0' COMMENT '配偶基础支出（支出)',
  `out_tax` int NOT NULL DEFAULT '0' COMMENT '个人基础税金（支出)',
  `out_self_housing` int NOT NULL DEFAULT '0' COMMENT '自住基础房贷款支出（支出)',
  `out_rent` int unsigned NOT NULL DEFAULT '0' COMMENT '基础房租支出（支出)',
  `out_car_loan` int NOT NULL DEFAULT '0' COMMENT '基础购车贷款支出（支出)',
  `out_credit_card` int NOT NULL DEFAULT '0' COMMENT '基础信用卡支出（支出)',
  `out_additional_liabilities` int NOT NULL DEFAULT '0' COMMENT '基础额外负债支出（支出)',
  `debt_self_housing` int NOT NULL DEFAULT '0' COMMENT '自住房基础抵押贷款(负债)',
  `debt_car_loan` int NOT NULL DEFAULT '0' COMMENT '基础购车贷款(负债)',
  `debt_credit_card` int NOT NULL DEFAULT '0' COMMENT '基础信用卡负债(负债)',
  `debt_additional_liabilities` int NOT NULL DEFAULT '0' COMMENT '基础额外负债(负债)',
  `deposit` int NOT NULL DEFAULT '0' COMMENT '基础银行存款',
  `energy` int NOT NULL DEFAULT '0' COMMENT '基础精力',
  `in_total` int NOT NULL DEFAULT '0' COMMENT '基础总收入',
  `out_total` int NOT NULL DEFAULT '0' COMMENT '基础总支出',
  `cash_flow` int NOT NULL DEFAULT '0' COMMENT '基础月现金流',
  PRIMARY KEY (`id`)
) ENGINE=InnoDB AUTO_INCREMENT=16 DEFAULT CHARSET=utf8mb3;

-- ----------------------------
-- Records of m_role
-- ----------------------------
INSERT INTO `m_role` VALUES ('1', 'HR', '8000', '1000', '2000', '0', '100', '2000', '0', '800', '300', '100', '200000', '40000', '10000', '20000', '10000', '4', '8000', '4300', '3700');
INSERT INTO `m_role` VALUES ('5', 'IT工程师', '22000', '5000', '4000', '0', '500', '0', '6000', '3000', '1800', '300', '0', '150000', '60000', '60000', '5000', '3', '22000', '16600', '5400');
INSERT INTO `m_role` VALUES ('6', '财务', '12000', '2000', '3000', '0', '300', '4000', '0', '800', '600', '100', '400000', '40000', '20000', '20000', '10000', '4', '12000', '7800', '4200');
INSERT INTO `m_role` VALUES ('7', '产品经理', '10000', '2000', '2000', '0', '200', '0', '4000', '0', '1200', '100', '0', '0', '40000', '20000', '10000', '4', '10000', '7500', '2500');
INSERT INTO `m_role` VALUES ('8', '护士', '5000', '1000', '1000', '0', '0', '0', '1000', '0', '600', '100', '0', '0', '20000', '20000', '10000', '4', '5000', '2700', '2300');
INSERT INTO `m_role` VALUES ('9', '客服', '6000', '1000', '1000', '0', '0', '0', '1500', '0', '600', '100', '0', '0', '20000', '20000', '10000', '5', '6000', '3200', '2800');
INSERT INTO `m_role` VALUES ('10', '律师', '15000', '3000', '3000', '0', '300', '4500', '0', '2000', '300', '100', '450000', '100000', '10000', '20000', '10000', '3', '15000', '10200', '4800');
INSERT INTO `m_role` VALUES ('11', '销售经理', '11000', '2000', '1000', '0', '200', '2000', '0', '1000', '1200', '200', '200000', '50000', '40000', '40000', '5000', '3', '11000', '6600', '4400');
INSERT INTO `m_role` VALUES ('12', '行政秘书', '6000', '1000', '1000', '0', '0', '0', '1800', '0', '600', '100', '0', '0', '20000', '20000', '10000', '4', '6000', '3500', '2500');
INSERT INTO `m_role` VALUES ('13', '医生', '20000', '6000', '3000', '0', '500', '5000', '0', '2000', '900', '100', '500000', '100000', '30000', '20000', '10000', '3', '20000', '14500', '5500');
INSERT INTO `m_role` VALUES ('14', '中学教师', '8000', '2000', '2000', '0', '100', '2000', '0', '1000', '300', '100', '200000', '50000', '10000', '20000', '10000', '4', '8000', '5500', '2500');
INSERT INTO `m_role` VALUES ('15', '咨询师', '8000', '2000', '2000', '0', '100', '2000', '0', '0', '300', '200', '200000', '0', '10000', '40000', '10000', '4', '8000', '4600', '3400');

-- ----------------------------
-- Table structure for m_user_card
-- ----------------------------
DROP TABLE IF EXISTS `m_user_card`;
CREATE TABLE `m_user_card` (
  `id` int NOT NULL AUTO_INCREMENT COMMENT '玩家卡表主键id',
  `game_id` int NOT NULL COMMENT '关联游戏表主键id',
  `user_id` int NOT NULL COMMENT '关联游戏用户表主键id',
  `card_list` text COMMENT '玩家所拥有的卡列表',
  PRIMARY KEY (`id`)
) ENGINE=InnoDB AUTO_INCREMENT=17 DEFAULT CHARSET=utf8mb3;

-- ----------------------------
-- Records of m_user_card
-- ----------------------------
INSERT INTO `m_user_card` VALUES ('1', '1', '1', null);
INSERT INTO `m_user_card` VALUES ('2', '1', '2', null);
INSERT INTO `m_user_card` VALUES ('3', '2', '3', null);
INSERT INTO `m_user_card` VALUES ('4', '2', '4', null);
INSERT INTO `m_user_card` VALUES ('5', '2', '5', null);
INSERT INTO `m_user_card` VALUES ('6', '2', '6', null);
INSERT INTO `m_user_card` VALUES ('7', '3', '7', null);
INSERT INTO `m_user_card` VALUES ('8', '3', '8', null);
INSERT INTO `m_user_card` VALUES ('9', '4', '9', null);
INSERT INTO `m_user_card` VALUES ('10', '4', '10', null);
INSERT INTO `m_user_card` VALUES ('11', '5', '11', null);
INSERT INTO `m_user_card` VALUES ('12', '6', '12', null);
INSERT INTO `m_user_card` VALUES ('13', '7', '13', null);
INSERT INTO `m_user_card` VALUES ('14', '8', '14', null);
INSERT INTO `m_user_card` VALUES ('15', '9', '15', null);
INSERT INTO `m_user_card` VALUES ('16', '10', '16', '122');
